Team1,Team2,Dist
Buffalo Bills,Miami Dolphins,1875.053901
Miami Dolphins,Buffalo Bills,1875.053901
,,
Buffalo Bills,New England Patriots,622.0126386
,,
New England Patriots,Buffalo Bills,622.0126386
,,
Buffalo Bills,New York Jets,447.3934295
,,
New York Jets,Buffalo Bills,447.3934295
,,
Buffalo Bills,Baltimore Ravens,429.08911
,,
Baltimore Ravens,Buffalo Bills,429.08911
,,
Buffalo Bills,Cincinnati Bengals,631.5039961
,,
Cincinnati Bengals,Buffalo Bills,631.5039961
,,
Buffalo Bills,Cleveland Browns,278.5083989
,,
Cleveland Browns,Buffalo Bills,278.5083989
,,
Buffalo Bills,Pittsburgh Steelers,278.2633228
,,
Pittsburgh Steelers,Buffalo Bills,278.2633228
,,
Buffalo Bills,Houston Texans,2076.904388
,,
Houston Texans,Buffalo Bills,2076.904388
,,
Buffalo Bills,Indianapolis Colts,701.5794632
,,
Indianapolis Colts,Buffalo Bills,701.5794632
,,
Buffalo Bills,Jacksonville Jaguars,1407.769326
,,
Jacksonville Jaguars,Buffalo Bills,1407.769326
,,
Buffalo Bills,Tennessee Titans,1004.112025
,,
Tennessee Titans,Buffalo Bills,1004.112025
,,
Buffalo Bills,Denver Broncos,2210.071406
,,
Denver Broncos,Buffalo Bills,2210.071406
,,
Buffalo Bills,Kansas City Chiefs,1380.568926
,,
Kansas City Chiefs,Buffalo Bills,1380.568926
,,
Buffalo Bills,Oakland Raiders,3685.728041
,,
Oakland Raiders,Buffalo Bills,3685.728041
,,
Buffalo Bills,Los Angeles Chargers,3548.96694
,,
Los Angeles Chargers,Buffalo Bills,3548.96694
,,
Buffalo Bills,Dallas Cowboys,1951.406022
,,
Dallas Cowboys,Buffalo Bills,1951.406022
,,
Buffalo Bills,New York Giants,447.3934295
,,
New York Giants,Buffalo Bills,447.3934295
,,
Buffalo Bills,Philadelphia Eagles,439.7733387
,,
Philadelphia Eagles,Buffalo Bills,439.7733387
,,
Buffalo Bills,Washington Redskins,459.3852109
,,
Washington Redskins,Buffalo Bills,459.3852109
,,
Buffalo Bills,Chicago Bears,732.8922837
,,
Chicago Bears,Buffalo Bills,732.8922837
,,
Buffalo Bills,Detroit Lions,352.1978644
,,
Detroit Lions,Buffalo Bills,352.1978644
,,
Buffalo Bills,Green Bay Packers,770.510674
,,
Green Bay Packers,Buffalo Bills,770.510674
,,
Buffalo Bills,Minnesota Vikings,685.0952928
,,
Minnesota Vikings,Buffalo Bills,685.0952928
,,
Buffalo Bills,Atlanta Falcons,1115.615563
,,
Atlanta Falcons,Buffalo Bills,1115.615563
,,
Buffalo Bills,Carolina Panthers,858.2394381
,,
Carolina Panthers,Buffalo Bills,858.2394381
,,
Buffalo Bills,New Orleans Saints,1745.064849
,,
New Orleans Saints,Buffalo Bills,1745.064849
,,
Buffalo Bills,Tampa Bay Buccaneers,1679.633212
,,
Tampa Bay Buccaneers,Buffalo Bills,1679.633212
,,
Buffalo Bills,Arizona Cardinals,3079.55495
,,
Arizona Cardinals,Buffalo Bills,3079.55495
,,
Buffalo Bills,Los Angeles Rams,3543.361944
,,
Los Angeles Rams,Buffalo Bills,3543.361944
,,
Buffalo Bills,San Francisco 49ers,3682.055209
,,
San Francisco 49ers,Buffalo Bills,3682.055209
,,
Buffalo Bills,Seattle Seahawks,3409.75989
,,
Seattle Seahawks,Buffalo Bills,3409.75989
,,
Miami Dolphins,Buffalo Bills,1875.053901
,,
Buffalo Bills,Miami Dolphins,1875.053901
,,
Miami Dolphins,New England Patriots,1973.163191
,,
New England Patriots,Miami Dolphins,1973.163191
,,
Miami Dolphins,New York Jets,1747.513985
,,
New York Jets,Miami Dolphins,1747.513985
,,
Miami Dolphins,Baltimore Ravens,1519.437518
,,
Baltimore Ravens,Miami Dolphins,1519.437518
,,
Miami Dolphins,Cincinnati Bengals,1514.79888
,,
Cincinnati Bengals,Miami Dolphins,1514.79888
,,
Miami Dolphins,Cleveland Browns,1734.60113
,,
Cleveland Browns,Miami Dolphins,1734.60113
,,
Miami Dolphins,Pittsburgh Steelers,1611.69786
,,
Pittsburgh Steelers,Miami Dolphins,1611.69786
,,
Miami Dolphins,Houston Texans,1547.607745
,,
Houston Texans,Miami Dolphins,1547.607745
,,
Miami Dolphins,Indianapolis Colts,1630.905555
,,
Indianapolis Colts,Miami Dolphins,1630.905555
,,
Miami Dolphins,Jacksonville Jaguars,504.5973588
,,
Jacksonville Jaguars,Miami Dolphins,504.5973588
,,
Miami Dolphins,Tennessee Titans,1294.002968
,,
Tennessee Titans,Miami Dolphins,1294.002968
,,
Miami Dolphins,Denver Broncos,2762.229751
,,
Denver Broncos,Miami Dolphins,2762.229751
,,
Miami Dolphins,Kansas City Chiefs,1971.263065
,,
Kansas City Chiefs,Miami Dolphins,1971.263065
,,
Miami Dolphins,Oakland Raiders,4136.91834
,,
Oakland Raiders,Miami Dolphins,4136.91834
,,
Miami Dolphins,Los Angeles Chargers,3747.37332
,,
Los Angeles Chargers,Miami Dolphins,3747.37332
,,
Miami Dolphins,Dallas Cowboys,1797.079825
,,
Dallas Cowboys,Miami Dolphins,1797.079825
,,
Miami Dolphins,New York Giants,1747.513985
,,
New York Giants,Miami Dolphins,1747.513985
,,
Miami Dolphins,Philadelphia Eagles,1620.728878
,,
Philadelphia Eagles,Miami Dolphins,1620.728878
,,
Miami Dolphins,Washington Redskins,1474.497018
,,
Washington Redskins,Miami Dolphins,1474.497018
,,
Miami Dolphins,Chicago Bears,1893.704141
,,
Chicago Bears,Miami Dolphins,1893.704141
,,
Miami Dolphins,Detroit Lions,1840.08907
,,
Detroit Lions,Miami Dolphins,1840.08907
,,
Miami Dolphins,Green Bay Packers,2179.016923
,,
Green Bay Packers,Miami Dolphins,2179.016923
,,
Miami Dolphins,Minnesota Vikings,2194.693404
,,
Minnesota Vikings,Miami Dolphins,2194.693404
,,
Miami Dolphins,Atlanta Falcons,955.6602571
,,
Atlanta Falcons,Miami Dolphins,955.6602571
,,
Miami Dolphins,Carolina Panthers,1032.52021
,,
Carolina Panthers,Miami Dolphins,1032.52021
,,
Miami Dolphins,New Orleans Saints,1063.55541
,,
New Orleans Saints,Miami Dolphins,1063.55541
,,
Miami Dolphins,Tampa Bay Buccaneers,317.4205528
,,
Tampa Bay Buccaneers,Miami Dolphins,317.4205528
,,
Miami Dolphins,Arizona Cardinals,3191.168881
,,
Arizona Cardinals,Miami Dolphins,3191.168881
,,
Miami Dolphins,Los Angeles Rams,3750.809613
,,
Los Angeles Rams,Miami Dolphins,3750.809613
,,
Miami Dolphins,San Francisco 49ers,4112.726158
,,
San Francisco 49ers,Miami Dolphins,4112.726158
,,
Miami Dolphins,Seattle Seahawks,4378.36703
,,
Seattle Seahawks,Miami Dolphins,4378.36703
,,
New England Patriots,Buffalo Bills,622.0126386
,,
Buffalo Bills,New England Patriots,622.0126386
,,
New England Patriots,Miami Dolphins,1973.163191
,,
Miami Dolphins,New England Patriots,1973.163191
,,
New England Patriots,New York Jets,273.9646381
,,
New York Jets,New England Patriots,273.9646381
,,
New England Patriots,Baltimore Ravens,549.5184953
,,
Baltimore Ravens,New England Patriots,549.5184953
,,
New England Patriots,Cincinnati Bengals,1166.400751
,,
Cincinnati Bengals,New England Patriots,1166.400751
,,
New England Patriots,Cleveland Browns,867.1880914
,,
Cleveland Browns,New England Patriots,867.1880914
,,
New England Patriots,Pittsburgh Steelers,753.7817368
,,
Pittsburgh Steelers,New England Patriots,753.7817368
,,
New England Patriots,Houston Texans,2562.604043
,,
Houston Texans,New England Patriots,2562.604043
,,
New England Patriots,Indianapolis Colts,1276.961871
,,
Indianapolis Colts,New England Patriots,1276.961871
,,
New England Patriots,Jacksonville Jaguars,1603.441078
,,
Jacksonville Jaguars,New England Patriots,1603.441078
,,
New England Patriots,Tennessee Titans,1488.427965
,,
Tennessee Titans,New England Patriots,1488.427965
,,
New England Patriots,Denver Broncos,2830.69959
,,
Denver Broncos,New England Patriots,2830.69959
,,
New England Patriots,Kansas City Chiefs,1984.44954
,,
Kansas City Chiefs,New England Patriots,1984.44954
,,
New England Patriots,Oakland Raiders,4307.480281
,,
Oakland Raiders,New England Patriots,4307.480281
,,
New England Patriots,Los Angeles Chargers,4166.599354
,,
Los Angeles Chargers,New England Patriots,4166.599354
,,
New England Patriots,Dallas Cowboys,2494.25279
,,
Dallas Cowboys,New England Patriots,2494.25279
,,
New England Patriots,New York Giants,273.9646381
,,
New York Giants,New England Patriots,273.9646381
,,
New England Patriots,Philadelphia Eagles,408.2333516
,,
Philadelphia Eagles,New England Patriots,408.2333516
,,
New England Patriots,Washington Redskins,591.147229
,,
Washington Redskins,New England Patriots,591.147229
,,
New England Patriots,Chicago Bears,1350.35013
,,
Chicago Bears,New England Patriots,1350.35013
,,
New England Patriots,Detroit Lions,970.1485182
,,
Detroit Lions,New England Patriots,970.1485182
,,
New England Patriots,Green Bay Packers,1383.436223
,,
Green Bay Packers,New England Patriots,1383.436223
,,
New England Patriots,Minnesota Vikings,1288.750443
,,
Minnesota Vikings,New England Patriots,1288.750443
,,
New England Patriots,Atlanta Falcons,1476.100827
,,
Atlanta Falcons,New England Patriots,1476.100827
,,
New England Patriots,Carolina Panthers,1128.55597
,,
Carolina Panthers,New England Patriots,1128.55597
,,
New England Patriots,New Orleans Saints,2156.909275
,,
New Orleans Saints,New England Patriots,2156.909275
,,
New England Patriots,Tampa Bay Buccaneers,1870.421821
,,
Tampa Bay Buccaneers,New England Patriots,1870.421821
,,
New England Patriots,Arizona Cardinals,3688.637876
,,
Arizona Cardinals,New England Patriots,3688.637876
,,
New England Patriots,Los Angeles Rams,4161.313144
,,
Los Angeles Rams,New England Patriots,4161.313144
,,
New England Patriots,San Francisco 49ers,4303.975462
,,
San Francisco 49ers,New England Patriots,4303.975462
,,
New England Patriots,Seattle Seahawks,3999.776891
,,
Seattle Seahawks,New England Patriots,3999.776891
,,
New York Jets,Buffalo Bills,447.3934295
,,
Buffalo Bills,New York Jets,447.3934295
,,
New York Jets,Miami Dolphins,1747.513985
,,
Miami Dolphins,New York Jets,1747.513985
,,
New York Jets,New England Patriots,273.9646381
,,
New England Patriots,New York Jets,273.9646381
,,
New York Jets,Baltimore Ravens,276.1252658
,,
Baltimore Ravens,New York Jets,276.1252658
,,
New York Jets,Cincinnati Bengals,909.971354
,,
Cincinnati Bengals,New York Jets,909.971354
,,
New York Jets,Cleveland Browns,642.9485277
,,
Cleveland Browns,New York Jets,642.9485277
,,
New York Jets,Pittsburgh Steelers,503.1057513
,,
Pittsburgh Steelers,New York Jets,503.1057513
,,
New York Jets,Houston Texans,2290.064784
,,
Houston Texans,New York Jets,2290.064784
,,
New York Jets,Indianapolis Colts,1031.592791
,,
Indianapolis Colts,New York Jets,1031.592791
,,
New York Jets,Jacksonville Jaguars,1351.309344
,,
Jacksonville Jaguars,New York Jets,1351.309344
,,
New York Jets,Tennessee Titans,1218.709815
,,
Tennessee Titans,New York Jets,1218.709815
,,
New York Jets,Denver Broncos,2615.020983
,,
Denver Broncos,New York Jets,2615.020983
,,
New York Jets,Kansas City Chiefs,1747.802792
,,
Kansas City Chiefs,New York Jets,1747.802792
,,
New York Jets,Oakland Raiders,4105.317563
,,
Oakland Raiders,New York Jets,4105.317563
,,
New York Jets,Los Angeles Chargers,3940.605388
,,
Los Angeles Chargers,New York Jets,3940.605388
,,
New York Jets,Dallas Cowboys,2229.569894
,,
Dallas Cowboys,New York Jets,2229.569894
,,
New York Jets,New York Giants,0
,,
New York Giants,New York Jets,0
,,
New York Jets,Philadelphia Eagles,137.4435906
,,
Philadelphia Eagles,New York Jets,137.4435906
,,
New York Jets,Washington Redskins,318.8446819
,,
Washington Redskins,New York Jets,318.8446819
,,
New York Jets,Chicago Bears,1135.771761
,,
Chicago Bears,New York Jets,1135.771761
,,
New York Jets,Detroit Lions,765.126645
,,
Detroit Lions,New York Jets,765.126645
,,
New York Jets,Green Bay Packers,1213.617094
,,
Green Bay Packers,New York Jets,1213.617094
,,
New York Jets,Minnesota Vikings,1131.8626
,,
Minnesota Vikings,New York Jets,1131.8626
,,
New York Jets,Atlanta Falcons,1203.079866
,,
Atlanta Falcons,New York Jets,1203.079866
,,
New York Jets,Carolina Panthers,859.1506122
,,
Carolina Panthers,New York Jets,859.1506122
,,
New York Jets,New Orleans Saints,1883.213628
,,
New Orleans Saints,New York Jets,1883.213628
,,
New York Jets,Tampa Bay Buccaneers,1622.078311
,,
Tampa Bay Buccaneers,New York Jets,1622.078311
,,
New York Jets,Arizona Cardinals,3451.431898
,,
Arizona Cardinals,New York Jets,3451.431898
,,
New York Jets,Los Angeles Rams,3935.97987
,,
Los Angeles Rams,New York Jets,3935.97987
,,
New York Jets,San Francisco 49ers,4099.763816
,,
San Francisco 49ers,New York Jets,4099.763816
,,
New York Jets,Seattle Seahawks,3856.513464
,,
Seattle Seahawks,New York Jets,3856.513464
,,
Baltimore Ravens,Buffalo Bills,429.08911
,,
Buffalo Bills,Baltimore Ravens,429.08911
,,
Baltimore Ravens,Miami Dolphins,1519.437518
,,
Miami Dolphins,Baltimore Ravens,1519.437518
,,
Baltimore Ravens,New England Patriots,549.5184953
,,
New England Patriots,Baltimore Ravens,549.5184953
,,
Baltimore Ravens,New York Jets,276.1252658
,,
New York Jets,Baltimore Ravens,276.1252658
,,
Baltimore Ravens,Cincinnati Bengals,680.5905399
,,
Cincinnati Bengals,Baltimore Ravens,680.5905399
,,
Baltimore Ravens,Cleveland Browns,496.2421547
,,
Cleveland Browns,Baltimore Ravens,496.2421547
,,
Baltimore Ravens,Pittsburgh Steelers,317.4893109
,,
Pittsburgh Steelers,Baltimore Ravens,317.4893109
,,
Baltimore Ravens,Houston Texans,2020.084473
,,
Houston Texans,Baltimore Ravens,2020.084473
,,
Baltimore Ravens,Indianapolis Colts,820.0232168
,,
Indianapolis Colts,Baltimore Ravens,820.0232168
,,
Baltimore Ravens,Jacksonville Jaguars,1095.741433
,,
Jacksonville Jaguars,Baltimore Ravens,1095.741433
,,
Baltimore Ravens,Tennessee Titans,956.9280873
,,
Tennessee Titans,Baltimore Ravens,956.9280873
,,
Baltimore Ravens,Denver Broncos,2427.182942
,,
Denver Broncos,Baltimore Ravens,2427.182942
,,
Baltimore Ravens,Kansas City Chiefs,1538.080594
,,
Kansas City Chiefs,Baltimore Ravens,1538.080594
,,
Baltimore Ravens,Oakland Raiders,3927.984611
,,
Oakland Raiders,Baltimore Ravens,3927.984611
,,
Baltimore Ravens,Los Angeles Chargers,3734.720793
,,
Los Angeles Chargers,Baltimore Ravens,3734.720793
,,
Baltimore Ravens,Dallas Cowboys,1974.207855
,,
Dallas Cowboys,Baltimore Ravens,1974.207855
,,
Baltimore Ravens,New York Giants,276.1252658
,,
New York Giants,Baltimore Ravens,276.1252658
,,
Baltimore Ravens,Philadelphia Eagles,142.6826662
,,
Philadelphia Eagles,Baltimore Ravens,142.6826662
,,
Baltimore Ravens,Washington Redskins,46.16845326
,,
Washington Redskins,Baltimore Ravens,46.16845326
,,
Baltimore Ravens,Chicago Bears,971.5336994
,,
Chicago Bears,Baltimore Ravens,971.5336994
,,
Baltimore Ravens,Detroit Lions,638.7676652
,,
Detroit Lions,Baltimore Ravens,638.7676652
,,
Baltimore Ravens,Green Bay Packers,1109.649768
,,
Green Bay Packers,Baltimore Ravens,1109.649768
,,
Baltimore Ravens,Minnesota Vikings,1048.699763
,,
Minnesota Vikings,Baltimore Ravens,1048.699763
,,
Baltimore Ravens,Atlanta Falcons,926.9546929
,,
Atlanta Falcons,Baltimore Ravens,926.9546929
,,
Baltimore Ravens,Carolina Panthers,585.8592132
,,
Carolina Panthers,Baltimore Ravens,585.8592132
,,
Baltimore Ravens,New Orleans Saints,1607.397474
,,
New Orleans Saints,Baltimore Ravens,1607.397474
,,
Baltimore Ravens,Tampa Bay Buccaneers,1369.203817
,,
Tampa Bay Buccaneers,Baltimore Ravens,1369.203817
,,
Baltimore Ravens,Arizona Cardinals,3232.457375
,,
Arizona Cardinals,Baltimore Ravens,3232.457375
,,
Baltimore Ravens,Los Angeles Rams,3730.928782
,,
Los Angeles Rams,Baltimore Ravens,3730.928782
,,
Baltimore Ravens,San Francisco 49ers,3920.003449
,,
San Francisco 49ers,Baltimore Ravens,3920.003449
,,
Baltimore Ravens,Seattle Seahawks,3747.995779
,,
Seattle Seahawks,Baltimore Ravens,3747.995779
,,
Cincinnati Bengals,Buffalo Bills,631.5039961
,,
Buffalo Bills,Cincinnati Bengals,631.5039961
,,
Cincinnati Bengals,Miami Dolphins,1514.79888
,,
Miami Dolphins,Cincinnati Bengals,1514.79888
,,
Cincinnati Bengals,New England Patriots,1166.400751
,,
New England Patriots,Cincinnati Bengals,1166.400751
,,
Cincinnati Bengals,New York Jets,909.971354
,,
New York Jets,Cincinnati Bengals,909.971354
,,
Cincinnati Bengals,Baltimore Ravens,680.5905399
,,
Baltimore Ravens,Cincinnati Bengals,680.5905399
,,
Cincinnati Bengals,Cleveland Browns,359.1039914
,,
Cleveland Browns,Cincinnati Bengals,359.1039914
,,
Cincinnati Bengals,Pittsburgh Steelers,412.9832246
,,
Pittsburgh Steelers,Cincinnati Bengals,412.9832246
,,
Cincinnati Bengals,Houston Texans,1445.453421
,,
Houston Texans,Cincinnati Bengals,1445.453421
,,
Cincinnati Bengals,Indianapolis Colts,159.705798
,,
Indianapolis Colts,Cincinnati Bengals,159.705798
,,
Cincinnati Bengals,Jacksonville Jaguars,1010.371322
,,
Jacksonville Jaguars,Cincinnati Bengals,1010.371322
,,
Cincinnati Bengals,Tennessee Titans,381.5620876
,,
Tennessee Titans,Cincinnati Bengals,381.5620876
,,
Cincinnati Bengals,Denver Broncos,1759.472527
,,
Denver Broncos,Cincinnati Bengals,1759.472527
,,
Cincinnati Bengals,Kansas City Chiefs,860.3430823
,,
Kansas City Chiefs,Cincinnati Bengals,860.3430823
,,
Cincinnati Bengals,Oakland Raiders,3263.667111
,,
Oakland Raiders,Cincinnati Bengals,3263.667111
,,
Cincinnati Bengals,Los Angeles Chargers,3055.399888
,,
Los Angeles Chargers,Cincinnati Bengals,3055.399888
,,
Cincinnati Bengals,Dallas Cowboys,1332.939332
,,
Dallas Cowboys,Cincinnati Bengals,1332.939332
,,
Cincinnati Bengals,New York Giants,909.971354
,,
New York Giants,Cincinnati Bengals,909.971354
,,
Cincinnati Bengals,Philadelphia Eagles,806.9918422
,,
Philadelphia Eagles,Cincinnati Bengals,806.9918422
,,
Cincinnati Bengals,Washington Redskins,661.5363808
,,
Washington Redskins,Cincinnati Bengals,661.5363808
,,
Cincinnati Bengals,Chicago Bears,404.3473965
,,
Chicago Bears,Cincinnati Bengals,404.3473965
,,
Cincinnati Bengals,Detroit Lions,381.5720783
,,
Detroit Lions,Cincinnati Bengals,381.5720783
,,
Cincinnati Bengals,Green Bay Packers,669.179964
,,
Green Bay Packers,Cincinnati Bengals,669.179964
,,
Cincinnati Bengals,Minnesota Vikings,680.0346459
,,
Minnesota Vikings,Cincinnati Bengals,680.0346459
,,
Cincinnati Bengals,Atlanta Falcons,593.8279694
,,
Atlanta Falcons,Cincinnati Bengals,593.8279694
,,
Cincinnati Bengals,Carolina Panthers,539.0575089
,,
Carolina Panthers,Cincinnati Bengals,539.0575089
,,
Cincinnati Bengals,New Orleans Saints,1137.229868
,,
New Orleans Saints,Cincinnati Bengals,1137.229868
,,
Cincinnati Bengals,Tampa Bay Buccaneers,1250.728594
,,
Tampa Bay Buccaneers,Cincinnati Bengals,1250.728594
,,
Cincinnati Bengals,Arizona Cardinals,2551.982721
,,
Arizona Cardinals,Cincinnati Bengals,2551.982721
,,
Cincinnati Bengals,Los Angeles Rams,3051.828662
,,
Los Angeles Rams,Cincinnati Bengals,3051.828662
,,
Cincinnati Bengals,San Francisco 49ers,3253.869259
,,
San Francisco 49ers,Cincinnati Bengals,3253.869259
,,
Cincinnati Bengals,Seattle Seahawks,3166.243132
,,
Seattle Seahawks,Cincinnati Bengals,3166.243132
,,
Cleveland Browns,Buffalo Bills,278.5083989
,,
Buffalo Bills,Cleveland Browns,278.5083989
,,
Cleveland Browns,Miami Dolphins,1734.60113
,,
Miami Dolphins,Cleveland Browns,1734.60113
,,
Cleveland Browns,New England Patriots,867.1880914
,,
New England Patriots,Cleveland Browns,867.1880914
,,
Cleveland Browns,New York Jets,642.9485277
,,
New York Jets,Cleveland Browns,642.9485277
,,
Cleveland Browns,Baltimore Ravens,496.2421547
,,
Baltimore Ravens,Cleveland Browns,496.2421547
,,
Cleveland Browns,Cincinnati Bengals,359.1039914
,,
Cincinnati Bengals,Cleveland Browns,359.1039914
,,
Cleveland Browns,Pittsburgh Steelers,184.0474748
,,
Pittsburgh Steelers,Cleveland Browns,184.0474748
,,
Cleveland Browns,Houston Texans,1802.919096
,,
Houston Texans,Cleveland Browns,1802.919096
,,
Cleveland Browns,Indianapolis Colts,423.8692736
,,
Indianapolis Colts,Cleveland Browns,423.8692736
,,
Cleveland Browns,Jacksonville Jaguars,1243.809103
,,
Jacksonville Jaguars,Cleveland Browns,1243.809103
,,
Cleveland Browns,Tennessee Titans,738.517073
,,
Tennessee Titans,Cleveland Browns,738.517073
,,
Cleveland Browns,Denver Broncos,1972.470827
,,
Denver Broncos,Cleveland Browns,1972.470827
,,
Cleveland Browns,Kansas City Chiefs,1117.614163
,,
Kansas City Chiefs,Cleveland Browns,1117.614163
,,
Cleveland Browns,Oakland Raiders,3462.819997
,,
Oakland Raiders,Cleveland Browns,3462.819997
,,
Cleveland Browns,Los Angeles Chargers,3301.996574
,,
Los Angeles Chargers,Cleveland Browns,3301.996574
,,
Cleveland Browns,Dallas Cowboys,1672.917316
,,
Dallas Cowboys,Cleveland Browns,1672.917316
,,
Cleveland Browns,New York Giants,642.9485277
,,
New York Giants,Cleveland Browns,642.9485277
,,
Cleveland Browns,Philadelphia Eagles,578.8345395
,,
Philadelphia Eagles,Cleveland Browns,578.8345395
,,
Cleveland Browns,Washington Redskins,502.0857089
,,
Washington Redskins,Cleveland Browns,502.0857089
,,
Cleveland Browns,Chicago Bears,493.0329243
,,
Chicago Bears,Cleveland Browns,493.0329243
,,
Cleveland Browns,Detroit Lions,144.9586316
,,
Detroit Lions,Cleveland Browns,144.9586316
,,
Cleveland Browns,Green Bay Packers,615.246843
,,
Green Bay Packers,Cleveland Browns,615.246843
,,
Cleveland Browns,Minnesota Vikings,563.5769461
,,
Minnesota Vikings,Cleveland Browns,563.5769461
,,
Cleveland Browns,Atlanta Falcons,893.9869878
,,
Atlanta Falcons,Cleveland Browns,893.9869878
,,
Cleveland Browns,Carolina Panthers,702.434662
,,
Carolina Panthers,Cleveland Browns,702.434662
,,
Cleveland Browns,New Orleans Saints,1489.780823
,,
New Orleans Saints,Cleveland Browns,1489.780823
,,
Cleveland Browns,Tampa Bay Buccaneers,1506.742755
,,
Tampa Bay Buccaneers,Cleveland Browns,1506.742755
,,
Cleveland Browns,Arizona Cardinals,2821.481896
,,
Arizona Cardinals,Cleveland Browns,2821.481896
,,
Cleveland Browns,Los Angeles Rams,3297.025874
,,
Los Angeles Rams,Cleveland Browns,3297.025874
,,
Cleveland Browns,San Francisco 49ers,3457.020004
,,
San Francisco 49ers,Cleveland Browns,3457.020004
,,
Cleveland Browns,Seattle Seahawks,3252.113568
,,
Seattle Seahawks,Cleveland Browns,3252.113568
,,
Pittsburgh Steelers,Buffalo Bills,278.2633228
,,
Buffalo Bills,Pittsburgh Steelers,278.2633228
,,
Pittsburgh Steelers,Miami Dolphins,1611.69786
,,
Miami Dolphins,Pittsburgh Steelers,1611.69786
,,
Pittsburgh Steelers,New England Patriots,753.7817368
,,
New England Patriots,Pittsburgh Steelers,753.7817368
,,
Pittsburgh Steelers,New York Jets,503.1057513
,,
New York Jets,Pittsburgh Steelers,503.1057513
,,
Pittsburgh Steelers,Baltimore Ravens,317.4893109
,,
Baltimore Ravens,Pittsburgh Steelers,317.4893109
,,
Pittsburgh Steelers,Cincinnati Bengals,412.9832246
,,
Cincinnati Bengals,Pittsburgh Steelers,412.9832246
,,
Pittsburgh Steelers,Cleveland Browns,184.0474748
,,
Cleveland Browns,Pittsburgh Steelers,184.0474748
,,
Pittsburgh Steelers,Houston Texans,1838.225345
,,
Houston Texans,Pittsburgh Steelers,1838.225345
,,
Pittsburgh Steelers,Indianapolis Colts,528.48982
,,
Indianapolis Colts,Pittsburgh Steelers,528.48982
,,
Pittsburgh Steelers,Jacksonville Jaguars,1135.455113
,,
Jacksonville Jaguars,Pittsburgh Steelers,1135.455113
,,
Pittsburgh Steelers,Tennessee Titans,757.4467731
,,
Tennessee Titans,Pittsburgh Steelers,757.4467731
,,
Pittsburgh Steelers,Denver Broncos,2121.877785
,,
Denver Broncos,Pittsburgh Steelers,2121.877785
,,
Pittsburgh Steelers,Kansas City Chiefs,1245.619185
,,
Kansas City Chiefs,Pittsburgh Steelers,1245.619185
,,
Pittsburgh Steelers,Oakland Raiders,3619.118666
,,
Oakland Raiders,Pittsburgh Steelers,3619.118666
,,
Pittsburgh Steelers,Los Angeles Chargers,3440.536743
,,
Los Angeles Chargers,Pittsburgh Steelers,3440.536743
,,
Pittsburgh Steelers,Dallas Cowboys,1744.545392
,,
Dallas Cowboys,Pittsburgh Steelers,1744.545392
,,
Pittsburgh Steelers,New York Giants,503.1057513
,,
New York Giants,Pittsburgh Steelers,503.1057513
,,
Pittsburgh Steelers,Philadelphia Eagles,416.4520559
,,
Philadelphia Eagles,Pittsburgh Steelers,416.4520559
,,
Pittsburgh Steelers,Washington Redskins,319.472361
,,
Washington Redskins,Pittsburgh Steelers,319.472361
,,
Pittsburgh Steelers,Chicago Bears,655.5053327
,,
Chicago Bears,Pittsburgh Steelers,655.5053327
,,
Pittsburgh Steelers,Detroit Lions,328.9944338
,,
Detroit Lions,Pittsburgh Steelers,328.9944338
,,
Pittsburgh Steelers,Green Bay Packers,798.8867347
,,
Green Bay Packers,Pittsburgh Steelers,798.8867347
,,
Pittsburgh Steelers,Minnesota Vikings,746.9468416
,,
Minnesota Vikings,Pittsburgh Steelers,746.9468416
,,
Pittsburgh Steelers,Atlanta Falcons,839.2966269
,,
Atlanta Falcons,Pittsburgh Steelers,839.2966269
,,
Pittsburgh Steelers,Carolina Panthers,585.3391617
,,
Carolina Panthers,Pittsburgh Steelers,585.3391617
,,
Pittsburgh Steelers,New Orleans Saints,1480.99204
,,
New Orleans Saints,Pittsburgh Steelers,1480.99204
,,
Pittsburgh Steelers,Tampa Bay Buccaneers,1405.696582
,,
Tampa Bay Buccaneers,Pittsburgh Steelers,1405.696582
,,
Pittsburgh Steelers,Arizona Cardinals,2948.546019
,,
Arizona Cardinals,Pittsburgh Steelers,2948.546019
,,
Pittsburgh Steelers,Los Angeles Rams,3436.174074
,,
Los Angeles Rams,Pittsburgh Steelers,3436.174074
,,
Pittsburgh Steelers,San Francisco 49ers,3612.052703
,,
San Francisco 49ers,Pittsburgh Steelers,3612.052703
,,
Pittsburgh Steelers,Seattle Seahawks,3431.466369
,,
Seattle Seahawks,Pittsburgh Steelers,3431.466369
,,
Houston Texans,Buffalo Bills,2076.904388
,,
Buffalo Bills,Houston Texans,2076.904388
,,
Houston Texans,Miami Dolphins,1547.607745
,,
Miami Dolphins,Houston Texans,1547.607745
,,
Houston Texans,New England Patriots,2562.604043
,,
New England Patriots,Houston Texans,2562.604043
,,
Houston Texans,New York Jets,2290.064784
,,
New York Jets,Houston Texans,2290.064784
,,
Houston Texans,Baltimore Ravens,2020.084473
,,
Baltimore Ravens,Houston Texans,2020.084473
,,
Houston Texans,Cincinnati Bengals,1445.453421
,,
Cincinnati Bengals,Houston Texans,1445.453421
,,
Houston Texans,Cleveland Browns,1802.919096
,,
Cleveland Browns,Houston Texans,1802.919096
,,
Houston Texans,Pittsburgh Steelers,1838.225345
,,
Pittsburgh Steelers,Houston Texans,1838.225345
,,
Houston Texans,Indianapolis Colts,1401.992761
,,
Indianapolis Colts,Houston Texans,1401.992761
,,
Houston Texans,Jacksonville Jaguars,1327.786907
,,
Jacksonville Jaguars,Houston Texans,1327.786907
,,
Houston Texans,Tennessee Titans,1080.955516
,,
Tennessee Titans,Houston Texans,1080.955516
,,
Houston Texans,Denver Broncos,1420.687742
,,
Denver Broncos,Houston Texans,1420.687742
,,
Houston Texans,Kansas City Chiefs,1045.027331
,,
Kansas City Chiefs,Houston Texans,1045.027331
,,
Houston Texans,Oakland Raiders,2624.800277
,,
Oakland Raiders,Houston Texans,2624.800277
,,
Houston Texans,Los Angeles Chargers,2205.22121
,,
Los Angeles Chargers,Houston Texans,2205.22121
,,
Houston Texans,Dallas Cowboys,376.3829659
,,
Dallas Cowboys,Houston Texans,376.3829659
,,
Houston Texans,New York Giants,2290.064784
,,
New York Giants,Houston Texans,2290.064784
,,
Houston Texans,Philadelphia Eagles,2162.537344
,,
Philadelphia Eagles,Houston Texans,2162.537344
,,
Houston Texans,Washington Redskins,1983.358389
,,
Washington Redskins,Houston Texans,1983.358389
,,
Houston Texans,Chicago Bears,1524.619271
,,
Chicago Bears,Houston Texans,1524.619271
,,
Houston Texans,Detroit Lions,1790.10837
,,
Detroit Lions,Houston Texans,1790.10837
,,
Houston Texans,Green Bay Packers,1770.454988
,,
Green Bay Packers,Houston Texans,1770.454988
,,
Houston Texans,Minnesota Vikings,1861.930426
,,
Minnesota Vikings,Houston Texans,1861.930426
,,
Houston Texans,Atlanta Falcons,1135.101475
,,
Atlanta Falcons,Houston Texans,1135.101475
,,
Houston Texans,Carolina Panthers,1496.903398
,,
Carolina Panthers,Houston Texans,1496.903398
,,
Houston Texans,New Orleans Saints,515.1451044
,,
New Orleans Saints,Houston Texans,515.1451044
,,
Houston Texans,Tampa Bay Buccaneers,1271.32706
,,
Tampa Bay Buccaneers,Houston Texans,1271.32706
,,
Houston Texans,Arizona Cardinals,1650.456585
,,
Arizona Cardinals,Houston Texans,1650.456585
,,
Houston Texans,Los Angeles Rams,2209.449919
,,
Los Angeles Rams,Houston Texans,2209.449919
,,
Houston Texans,San Francisco 49ers,2597.007665
,,
San Francisco 49ers,Houston Texans,2597.007665
,,
Houston Texans,Seattle Seahawks,3044.452324
,,
Seattle Seahawks,Houston Texans,3044.452324
,,
Indianapolis Colts,Buffalo Bills,701.5794632
,,
Buffalo Bills,Indianapolis Colts,701.5794632
,,
Indianapolis Colts,Miami Dolphins,1630.905555
,,
Miami Dolphins,Indianapolis Colts,1630.905555
,,
Indianapolis Colts,New England Patriots,1276.961871
,,
New England Patriots,Indianapolis Colts,1276.961871
,,
Indianapolis Colts,New York Jets,1031.592791
,,
New York Jets,Indianapolis Colts,1031.592791
,,
Indianapolis Colts,Baltimore Ravens,820.0232168
,,
Baltimore Ravens,Indianapolis Colts,820.0232168
,,
Indianapolis Colts,Cincinnati Bengals,159.705798
,,
Cincinnati Bengals,Indianapolis Colts,159.705798
,,
Indianapolis Colts,Cleveland Browns,423.8692736
,,
Cleveland Browns,Indianapolis Colts,423.8692736
,,
Indianapolis Colts,Pittsburgh Steelers,528.48982
,,
Pittsburgh Steelers,Indianapolis Colts,528.48982
,,
Indianapolis Colts,Houston Texans,1401.992761
,,
Houston Texans,Indianapolis Colts,1401.992761
,,
Indianapolis Colts,Jacksonville Jaguars,1127.18748
,,
Jacksonville Jaguars,Indianapolis Colts,1127.18748
,,
Indianapolis Colts,Tennessee Titans,403.2551823
,,
Tennessee Titans,Indianapolis Colts,403.2551823
,,
Indianapolis Colts,Denver Broncos,1609.508472
,,
Denver Broncos,Indianapolis Colts,1609.508472
,,
Indianapolis Colts,Kansas City Chiefs,719.1700554
,,
Kansas City Chiefs,Indianapolis Colts,719.1700554
,,
Indianapolis Colts,Oakland Raiders,3112.711579
,,
Oakland Raiders,Indianapolis Colts,3112.711579
,,
Indianapolis Colts,Los Angeles Chargers,2915.911101
,,
Los Angeles Chargers,Indianapolis Colts,2915.911101
,,
Indianapolis Colts,Dallas Cowboys,1251.065191
,,
Dallas Cowboys,Indianapolis Colts,1251.065191
,,
Indianapolis Colts,New York Giants,1031.592791
,,
New York Giants,Indianapolis Colts,1031.592791
,,
Indianapolis Colts,Philadelphia Eagles,938.8219765
,,
Philadelphia Eagles,Indianapolis Colts,938.8219765
,,
Indianapolis Colts,Washington Redskins,805.2703184
,,
Washington Redskins,Indianapolis Colts,805.2703184
,,
Indianapolis Colts,Chicago Bears,263.8978314
,,
Chicago Bears,Indianapolis Colts,263.8978314
,,
Indianapolis Colts,Detroit Lions,388.2290636
,,
Detroit Lions,Indianapolis Colts,388.2290636
,,
Indianapolis Colts,Green Bay Packers,550.0921893
,,
Green Bay Packers,Indianapolis Colts,550.0921893
,,
Indianapolis Colts,Minnesota Vikings,582.308061
,,
Minnesota Vikings,Indianapolis Colts,582.308061
,,
Indianapolis Colts,Atlanta Falcons,685.8533862
,,
Atlanta Falcons,Indianapolis Colts,685.8533862
,,
Indianapolis Colts,Carolina Panthers,688.2417047
,,
Carolina Panthers,Indianapolis Colts,688.2417047
,,
Indianapolis Colts,New Orleans Saints,1147.828572
,,
New Orleans Saints,Indianapolis Colts,1147.828572
,,
Indianapolis Colts,Tampa Bay Buccaneers,1353.297359
,,
Tampa Bay Buccaneers,Indianapolis Colts,1353.297359
,,
Indianapolis Colts,Arizona Cardinals,2420.290455
,,
Arizona Cardinals,Indianapolis Colts,2420.290455
,,
Indianapolis Colts,Los Angeles Rams,2911.898502
,,
Los Angeles Rams,Indianapolis Colts,2911.898502
,,
Indianapolis Colts,San Francisco 49ers,3103.658779
,,
San Francisco 49ers,Indianapolis Colts,3103.658779
,,
Indianapolis Colts,Seattle Seahawks,3006.614528
,,
Seattle Seahawks,Indianapolis Colts,3006.614528
,,
Jacksonville Jaguars,Buffalo Bills,1407.769326
,,
Buffalo Bills,Jacksonville Jaguars,1407.769326
,,
Jacksonville Jaguars,Miami Dolphins,504.5973588
,,
Miami Dolphins,Jacksonville Jaguars,504.5973588
,,
Jacksonville Jaguars,New England Patriots,1603.441078
,,
New England Patriots,Jacksonville Jaguars,1603.441078
,,
Jacksonville Jaguars,New York Jets,1351.309344
,,
New York Jets,Jacksonville Jaguars,1351.309344
,,
Jacksonville Jaguars,Baltimore Ravens,1095.741433
,,
Baltimore Ravens,Jacksonville Jaguars,1095.741433
,,
Jacksonville Jaguars,Cincinnati Bengals,1010.371322
,,
Cincinnati Bengals,Jacksonville Jaguars,1010.371322
,,
Jacksonville Jaguars,Cleveland Browns,1243.809103
,,
Cleveland Browns,Jacksonville Jaguars,1243.809103
,,
Jacksonville Jaguars,Pittsburgh Steelers,1135.455113
,,
Pittsburgh Steelers,Jacksonville Jaguars,1135.455113
,,
Jacksonville Jaguars,Houston Texans,1327.786907
,,
Houston Texans,Jacksonville Jaguars,1327.786907
,,
Jacksonville Jaguars,Indianapolis Colts,1127.18748
,,
Indianapolis Colts,Jacksonville Jaguars,1127.18748
,,
Jacksonville Jaguars,Tennessee Titans,806.1657423
,,
Tennessee Titans,Jacksonville Jaguars,806.1657423
,,
Jacksonville Jaguars,Denver Broncos,2363.625425
,,
Denver Broncos,Jacksonville Jaguars,2363.625425
,,
Jacksonville Jaguars,Kansas City Chiefs,1521.171487
,,
Kansas City Chiefs,Jacksonville Jaguars,1521.171487
,,
Jacksonville Jaguars,Oakland Raiders,3798.184105
,,
Oakland Raiders,Jacksonville Jaguars,3798.184105
,,
Jacksonville Jaguars,Los Angeles Chargers,3455.334506
,,
Los Angeles Chargers,Jacksonville Jaguars,3455.334506
,,
Jacksonville Jaguars,Dallas Cowboys,1488.369521
,,
Dallas Cowboys,Jacksonville Jaguars,1488.369521
,,
Jacksonville Jaguars,New York Giants,1351.309344
,,
New York Giants,Jacksonville Jaguars,1351.309344
,,
Jacksonville Jaguars,Philadelphia Eagles,1216.213996
,,
Philadelphia Eagles,Jacksonville Jaguars,1216.213996
,,
Jacksonville Jaguars,Washington Redskins,1049.577354
,,
Washington Redskins,Jacksonville Jaguars,1049.577354
,,
Jacksonville Jaguars,Chicago Bears,1390.464705
,,
Chicago Bears,Jacksonville Jaguars,1390.464705
,,
Jacksonville Jaguars,Detroit Lions,1342.434876
,,
Detroit Lions,Jacksonville Jaguars,1342.434876
,,
Jacksonville Jaguars,Green Bay Packers,1674.609049
,,
Green Bay Packers,Jacksonville Jaguars,1674.609049
,,
Jacksonville Jaguars,Minnesota Vikings,1690.367692
,,
Minnesota Vikings,Jacksonville Jaguars,1690.367692
,,
Jacksonville Jaguars,Atlanta Falcons,462.2753089
,,
Atlanta Falcons,Jacksonville Jaguars,462.2753089
,,
Jacksonville Jaguars,Carolina Panthers,550.1525805
,,
Carolina Panthers,Jacksonville Jaguars,550.1525805
,,
Jacksonville Jaguars,New Orleans Saints,813.0979049
,,
New Orleans Saints,Jacksonville Jaguars,813.0979049
,,
Jacksonville Jaguars,Tampa Bay Buccaneers,274.3796491
,,
Tampa Bay Buccaneers,Jacksonville Jaguars,274.3796491
,,
Jacksonville Jaguars,Arizona Cardinals,2902.460421
,,
Arizona Cardinals,Jacksonville Jaguars,2902.460421
,,
Jacksonville Jaguars,Los Angeles Rams,3456.765357
,,
Los Angeles Rams,Jacksonville Jaguars,3456.765357
,,
Jacksonville Jaguars,San Francisco 49ers,3777.811364
,,
San Francisco 49ers,Jacksonville Jaguars,3777.811364
,,
Jacksonville Jaguars,Seattle Seahawks,3948.195704
,,
Seattle Seahawks,Jacksonville Jaguars,3948.195704
,,
Tennessee Titans,Buffalo Bills,1004.112025
,,
Buffalo Bills,Tennessee Titans,1004.112025
,,
Tennessee Titans,Miami Dolphins,1294.002968
,,
Miami Dolphins,Tennessee Titans,1294.002968
,,
Tennessee Titans,New England Patriots,1488.427965
,,
New England Patriots,Tennessee Titans,1488.427965
,,
Tennessee Titans,New York Jets,1218.709815
,,
New York Jets,Tennessee Titans,1218.709815
,,
Tennessee Titans,Baltimore Ravens,956.9280873
,,
Baltimore Ravens,Tennessee Titans,956.9280873
,,
Tennessee Titans,Cincinnati Bengals,381.5620876
,,
Cincinnati Bengals,Tennessee Titans,381.5620876
,,
Tennessee Titans,Cleveland Browns,738.517073
,,
Cleveland Browns,Tennessee Titans,738.517073
,,
Tennessee Titans,Pittsburgh Steelers,757.4467731
,,
Pittsburgh Steelers,Tennessee Titans,757.4467731
,,
Tennessee Titans,Houston Texans,1080.955516
,,
Houston Texans,Tennessee Titans,1080.955516
,,
Tennessee Titans,Indianapolis Colts,403.2551823
,,
Indianapolis Colts,Tennessee Titans,403.2551823
,,
Tennessee Titans,Jacksonville Jaguars,806.1657423
,,
Jacksonville Jaguars,Tennessee Titans,806.1657423
,,
Tennessee Titans,Denver Broncos,1645.987997
,,
Denver Broncos,Tennessee Titans,1645.987997
,,
Tennessee Titans,Kansas City Chiefs,751.0843868
,,
Kansas City Chiefs,Tennessee Titans,751.0843868
,,
Tennessee Titans,Oakland Raiders,3135.077587
,,
Oakland Raiders,Tennessee Titans,3135.077587
,,
Tennessee Titans,Los Angeles Chargers,2867.476019
,,
Los Angeles Chargers,Tennessee Titans,2867.476019
,,
Tennessee Titans,Dallas Cowboys,1019.44364
,,
Dallas Cowboys,Tennessee Titans,1019.44364
,,
Tennessee Titans,New York Giants,1218.709815
,,
New York Giants,Tennessee Titans,1218.709815
,,
Tennessee Titans,Philadelphia Eagles,1097.120069
,,
Philadelphia Eagles,Tennessee Titans,1097.120069
,,
Tennessee Titans,Washington Redskins,924.8749148
,,
Washington Redskins,Tennessee Titans,924.8749148
,,
Tennessee Titans,Chicago Bears,637.7648323
,,
Chicago Bears,Tennessee Titans,637.7648323
,,
Tennessee Titans,Detroit Lions,757.7686887
,,
Detroit Lions,Tennessee Titans,757.7686887
,,
Tennessee Titans,Green Bay Packers,933.5027862
,,
Green Bay Packers,Tennessee Titans,933.5027862
,,
Tennessee Titans,Minnesota Vikings,979.8915623
,,
Minnesota Vikings,Tennessee Titans,979.8915623
,,
Tennessee Titans,Atlanta Falcons,344.1924374
,,
Atlanta Falcons,Tennessee Titans,344.1924374
,,
Tennessee Titans,Carolina Panthers,544.6869556
,,
Carolina Panthers,Tennessee Titans,544.6869556
,,
Tennessee Titans,New Orleans Saints,756.9350698
,,
New Orleans Saints,Tennessee Titans,756.9350698
,,
Tennessee Titans,Tampa Bay Buccaneers,995.5877933
,,
Tampa Bay Buccaneers,Tennessee Titans,995.5877933
,,
Tennessee Titans,Arizona Cardinals,2338.578388
,,
Arizona Cardinals,Tennessee Titans,2338.578388
,,
Tennessee Titans,Los Angeles Rams,2865.843146
,,
Los Angeles Rams,Tennessee Titans,2865.843146
,,
Tennessee Titans,San Francisco 49ers,3120.361078
,,
San Francisco 49ers,Tennessee Titans,3120.361078
,,
Tennessee Titans,Seattle Seahawks,3172.418975
,,
Seattle Seahawks,Tennessee Titans,3172.418975
,,
Denver Broncos,Buffalo Bills,2210.071406
,,
Buffalo Bills,Denver Broncos,2210.071406
,,
Denver Broncos,Miami Dolphins,2762.229751
,,
Miami Dolphins,Denver Broncos,2762.229751
,,
Denver Broncos,New England Patriots,2830.69959
,,
New England Patriots,Denver Broncos,2830.69959
,,
Denver Broncos,New York Jets,2615.020983
,,
New York Jets,Denver Broncos,2615.020983
,,
Denver Broncos,Baltimore Ravens,2427.182942
,,
Baltimore Ravens,Denver Broncos,2427.182942
,,
Denver Broncos,Cincinnati Bengals,1759.472527
,,
Cincinnati Bengals,Denver Broncos,1759.472527
,,
Denver Broncos,Cleveland Browns,1972.470827
,,
Cleveland Browns,Denver Broncos,1972.470827
,,
Denver Broncos,Pittsburgh Steelers,2121.877785
,,
Pittsburgh Steelers,Denver Broncos,2121.877785
,,
Denver Broncos,Houston Texans,1420.687742
,,
Houston Texans,Denver Broncos,1420.687742
,,
Denver Broncos,Indianapolis Colts,1609.508472
,,
Indianapolis Colts,Denver Broncos,1609.508472
,,
Denver Broncos,Jacksonville Jaguars,2363.625425
,,
Jacksonville Jaguars,Denver Broncos,2363.625425
,,
Denver Broncos,Tennessee Titans,1645.987997
,,
Tennessee Titans,Denver Broncos,1645.987997
,,
Denver Broncos,Kansas City Chiefs,908.3999646
,,
Kansas City Chiefs,Denver Broncos,908.3999646
,,
Denver Broncos,Oakland Raiders,1504.388939
,,
Oakland Raiders,Denver Broncos,1504.388939
,,
Denver Broncos,Los Angeles Chargers,1346.414019
,,
Los Angeles Chargers,Denver Broncos,1346.414019
,,
Denver Broncos,Dallas Cowboys,1053.24161
,,
Dallas Cowboys,Denver Broncos,1053.24161
,,
Denver Broncos,New York Giants,2615.020983
,,
New York Giants,Denver Broncos,2615.020983
,,
Denver Broncos,Philadelphia Eagles,2538.299358
,,
Philadelphia Eagles,Denver Broncos,2538.299358
,,
Denver Broncos,Washington Redskins,2414.376605
,,
Washington Redskins,Denver Broncos,2414.376605
,,
Denver Broncos,Chicago Bears,1481.472466
,,
Chicago Bears,Denver Broncos,1481.472466
,,
Denver Broncos,Detroit Lions,1860.615621
,,
Detroit Lions,Denver Broncos,1860.615621
,,
Denver Broncos,Green Bay Packers,1492.299739
,,
Green Bay Packers,Denver Broncos,1492.299739
,,
Denver Broncos,Minnesota Vikings,1604.415999
,,
Minnesota Vikings,Denver Broncos,1604.415999
,,
Denver Broncos,Atlanta Falcons,1949.078721
,,
Atlanta Falcons,Denver Broncos,1949.078721
,,
Denver Broncos,Carolina Panthers,2184.204869
,,
Carolina Panthers,Denver Broncos,2184.204869
,,
Denver Broncos,New Orleans Saints,1741.137405
,,
New Orleans Saints,Denver Broncos,1741.137405
,,
Denver Broncos,Tampa Bay Buccaneers,2446.52121
,,
Tampa Bay Buccaneers,Denver Broncos,2446.52121
,,
Denver Broncos,Arizona Cardinals,945.8808495
,,
Arizona Cardinals,Denver Broncos,945.8808495
,,
Denver Broncos,Los Angeles Rams,1339.537072
,,
Los Angeles Rams,Denver Broncos,1339.537072
,,
Denver Broncos,San Francisco 49ers,1494.41719
,,
San Francisco 49ers,Denver Broncos,1494.41719
,,
Denver Broncos,Seattle Seahawks,1638.367447
,,
Seattle Seahawks,Denver Broncos,1638.367447
,,
Kansas City Chiefs,Buffalo Bills,1380.568926
,,
Buffalo Bills,Kansas City Chiefs,1380.568926
,,
Kansas City Chiefs,Miami Dolphins,1971.263065
,,
Miami Dolphins,Kansas City Chiefs,1971.263065
,,
Kansas City Chiefs,New England Patriots,1984.44954
,,
New England Patriots,Kansas City Chiefs,1984.44954
,,
Kansas City Chiefs,New York Jets,1747.802792
,,
New York Jets,Kansas City Chiefs,1747.802792
,,
Kansas City Chiefs,Baltimore Ravens,1538.080594
,,
Baltimore Ravens,Kansas City Chiefs,1538.080594
,,
Kansas City Chiefs,Cincinnati Bengals,860.3430823
,,
Cincinnati Bengals,Kansas City Chiefs,860.3430823
,,
Kansas City Chiefs,Cleveland Browns,1117.614163
,,
Cleveland Browns,Kansas City Chiefs,1117.614163
,,
Kansas City Chiefs,Pittsburgh Steelers,1245.619185
,,
Pittsburgh Steelers,Kansas City Chiefs,1245.619185
,,
Kansas City Chiefs,Houston Texans,1045.027331
,,
Houston Texans,Kansas City Chiefs,1045.027331
,,
Kansas City Chiefs,Indianapolis Colts,719.1700554
,,
Indianapolis Colts,Kansas City Chiefs,719.1700554
,,
Kansas City Chiefs,Jacksonville Jaguars,1521.171487
,,
Jacksonville Jaguars,Kansas City Chiefs,1521.171487
,,
Kansas City Chiefs,Tennessee Titans,751.0843868
,,
Tennessee Titans,Kansas City Chiefs,751.0843868
,,
Kansas City Chiefs,Denver Broncos,908.3999646
,,
Denver Broncos,Kansas City Chiefs,908.3999646
,,
Kansas City Chiefs,Oakland Raiders,2411.016256
,,
Oakland Raiders,Kansas City Chiefs,2411.016256
,,
Kansas City Chiefs,Los Angeles Chargers,2196.847433
,,
Los Angeles Chargers,Kansas City Chiefs,2196.847433
,,
Kansas City Chiefs,Dallas Cowboys,739.1422127
,,
Dallas Cowboys,Kansas City Chiefs,739.1422127
,,
Kansas City Chiefs,New York Giants,1747.802792
,,
New York Giants,Kansas City Chiefs,1747.802792
,,
Kansas City Chiefs,Philadelphia Eagles,1657.949859
,,
Philadelphia Eagles,Kansas City Chiefs,1657.949859
,,
Kansas City Chiefs,Washington Redskins,1521.215144
,,
Washington Redskins,Kansas City Chiefs,1521.215144
,,
Kansas City Chiefs,Chicago Bears,659.820635
,,
Chicago Bears,Kansas City Chiefs,659.820635
,,
Kansas City Chiefs,Detroit Lions,1030.729066
,,
Detroit Lions,Kansas City Chiefs,1030.729066
,,
Kansas City Chiefs,Green Bay Packers,806.6683734
,,
Green Bay Packers,Kansas City Chiefs,806.6683734
,,
Kansas City Chiefs,Minnesota Vikings,916.1792656
,,
Minnesota Vikings,Kansas City Chiefs,916.1792656
,,
Kansas City Chiefs,Atlanta Falcons,1076.554261
,,
Atlanta Falcons,Kansas City Chiefs,1076.554261
,,
Kansas City Chiefs,Carolina Panthers,1279.750809
,,
Carolina Panthers,Kansas City Chiefs,1279.750809
,,
Kansas City Chiefs,New Orleans Saints,1089.094204
,,
New Orleans Saints,Kansas City Chiefs,1089.094204
,,
Kansas City Chiefs,Tampa Bay Buccaneers,1655.645459
,,
Tampa Bay Buccaneers,Kansas City Chiefs,1655.645459
,,
Kansas City Chiefs,Arizona Cardinals,1704.580316
,,
Arizona Cardinals,Kansas City Chiefs,1704.580316
,,
Kansas City Chiefs,Los Angeles Rams,2192.93286
,,
Los Angeles Rams,Kansas City Chiefs,2192.93286
,,
Kansas City Chiefs,San Francisco 49ers,2399.524882
,,
San Francisco 49ers,Kansas City Chiefs,2399.524882
,,
Kansas City Chiefs,Seattle Seahawks,2428.93649
,,
Seattle Seahawks,Kansas City Chiefs,2428.93649
,,
Oakland Raiders,Buffalo Bills,3685.728041
,,
Buffalo Bills,Oakland Raiders,3685.728041
,,
Oakland Raiders,Miami Dolphins,4136.91834
,,
Miami Dolphins,Oakland Raiders,4136.91834
,,
Oakland Raiders,New England Patriots,4307.480281
,,
New England Patriots,Oakland Raiders,4307.480281
,,
Oakland Raiders,New York Jets,4105.317563
,,
New York Jets,Oakland Raiders,4105.317563
,,
Oakland Raiders,Baltimore Ravens,3927.984611
,,
Baltimore Ravens,Oakland Raiders,3927.984611
,,
Oakland Raiders,Cincinnati Bengals,3263.667111
,,
Cincinnati Bengals,Oakland Raiders,3263.667111
,,
Oakland Raiders,Cleveland Browns,3462.819997
,,
Cleveland Browns,Oakland Raiders,3462.819997
,,
Oakland Raiders,Pittsburgh Steelers,3619.118666
,,
Pittsburgh Steelers,Oakland Raiders,3619.118666
,,
Oakland Raiders,Houston Texans,2624.800277
,,
Houston Texans,Oakland Raiders,2624.800277
,,
Oakland Raiders,Indianapolis Colts,3112.711579
,,
Indianapolis Colts,Oakland Raiders,3112.711579
,,
Oakland Raiders,Jacksonville Jaguars,3798.184105
,,
Jacksonville Jaguars,Oakland Raiders,3798.184105
,,
Oakland Raiders,Tennessee Titans,3135.077587
,,
Tennessee Titans,Oakland Raiders,3135.077587
,,
Oakland Raiders,Denver Broncos,1504.388939
,,
Denver Broncos,Oakland Raiders,1504.388939
,,
Oakland Raiders,Kansas City Chiefs,2411.016256
,,
Kansas City Chiefs,Oakland Raiders,2411.016256
,,
Oakland Raiders,Los Angeles Chargers,559.5463885
,,
Los Angeles Chargers,Oakland Raiders,559.5463885
,,
Oakland Raiders,Dallas Cowboys,2339.858595
,,
Dallas Cowboys,Oakland Raiders,2339.858595
,,
Oakland Raiders,New York Giants,4105.317563
,,
New York Giants,Oakland Raiders,4105.317563
,,
Oakland Raiders,Philadelphia Eagles,4035.246793
,,
Philadelphia Eagles,Oakland Raiders,4035.246793
,,
Oakland Raiders,Washington Redskins,3916.570029
,,
Washington Redskins,Oakland Raiders,3916.570029
,,
Oakland Raiders,Chicago Bears,2969.787879
,,
Chicago Bears,Oakland Raiders,2969.787879
,,
Oakland Raiders,Detroit Lions,3342.884418
,,
Detroit Lions,Oakland Raiders,3342.884418
,,
Oakland Raiders,Green Bay Packers,2933.842324
,,
Green Bay Packers,Oakland Raiders,2933.842324
,,
Oakland Raiders,Minnesota Vikings,3038.299987
,,
Minnesota Vikings,Oakland Raiders,3038.299987
,,
Oakland Raiders,Atlanta Falcons,3417.54233
,,
Atlanta Falcons,Oakland Raiders,3417.54233
,,
Oakland Raiders,Carolina Panthers,3678.221096
,,
Carolina Panthers,Oakland Raiders,3678.221096
,,
Oakland Raiders,New Orleans Saints,3074.275574
,,
New Orleans Saints,Oakland Raiders,3074.275574
,,
Oakland Raiders,Tampa Bay Buccaneers,3833.469594
,,
Tampa Bay Buccaneers,Oakland Raiders,3833.469594
,,
Oakland Raiders,Arizona Cardinals,1013.015954
,,
Arizona Cardinals,Oakland Raiders,1013.015954
,,
Oakland Raiders,Los Angeles Rams,545.008417
,,
Los Angeles Rams,Oakland Raiders,545.008417
,,
Oakland Raiders,San Francisco 49ers,43.7734855
,,
San Francisco 49ers,Oakland Raiders,43.7734855
,,
Oakland Raiders,Seattle Seahawks,1094.955249
,,
Seattle Seahawks,Oakland Raiders,1094.955249
,,
Los Angeles Chargers,Buffalo Bills,3548.96694
,,
Buffalo Bills,Los Angeles Chargers,3548.96694
,,
Los Angeles Chargers,Miami Dolphins,3747.37332
,,
Miami Dolphins,Los Angeles Chargers,3747.37332
,,
Los Angeles Chargers,New England Patriots,4166.599354
,,
New England Patriots,Los Angeles Chargers,4166.599354
,,
Los Angeles Chargers,New York Jets,3940.605388
,,
New York Jets,Los Angeles Chargers,3940.605388
,,
Los Angeles Chargers,Baltimore Ravens,3734.720793
,,
Baltimore Ravens,Los Angeles Chargers,3734.720793
,,
Los Angeles Chargers,Cincinnati Bengals,3055.399888
,,
Cincinnati Bengals,Los Angeles Chargers,3055.399888
,,
Los Angeles Chargers,Cleveland Browns,3301.996574
,,
Cleveland Browns,Los Angeles Chargers,3301.996574
,,
Los Angeles Chargers,Pittsburgh Steelers,3440.536743
,,
Pittsburgh Steelers,Los Angeles Chargers,3440.536743
,,
Los Angeles Chargers,Houston Texans,2205.22121
,,
Houston Texans,Los Angeles Chargers,2205.22121
,,
Los Angeles Chargers,Indianapolis Colts,2915.911101
,,
Indianapolis Colts,Los Angeles Chargers,2915.911101
,,
Los Angeles Chargers,Jacksonville Jaguars,3455.334506
,,
Jacksonville Jaguars,Los Angeles Chargers,3455.334506
,,
Los Angeles Chargers,Tennessee Titans,2867.476019
,,
Tennessee Titans,Los Angeles Chargers,2867.476019
,,
Los Angeles Chargers,Denver Broncos,1346.414019
,,
Denver Broncos,Los Angeles Chargers,1346.414019
,,
Los Angeles Chargers,Kansas City Chiefs,2196.847433
,,
Kansas City Chiefs,Los Angeles Chargers,2196.847433
,,
Los Angeles Chargers,Oakland Raiders,559.5463885
,,
Oakland Raiders,Los Angeles Chargers,559.5463885
,,
Los Angeles Chargers,Dallas Cowboys,1968.257576
,,
Dallas Cowboys,Los Angeles Chargers,1968.257576
,,
Los Angeles Chargers,New York Giants,3940.605388
,,
New York Giants,Los Angeles Chargers,3940.605388
,,
Los Angeles Chargers,Philadelphia Eagles,3854.418773
,,
Philadelphia Eagles,Los Angeles Chargers,3854.418773
,,
Los Angeles Chargers,Washington Redskins,3716.931471
,,
Washington Redskins,Los Angeles Chargers,3716.931471
,,
Los Angeles Chargers,Chicago Bears,2816.685292
,,
Chicago Bears,Los Angeles Chargers,2816.685292
,,
Los Angeles Chargers,Detroit Lions,3197.523706
,,
Detroit Lions,Los Angeles Chargers,3197.523706
,,
Los Angeles Chargers,Green Bay Packers,2838.504947
,,
Green Bay Packers,Los Angeles Chargers,2838.504947
,,
Los Angeles Chargers,Minnesota Vikings,2950.224433
,,
Minnesota Vikings,Los Angeles Chargers,2950.224433
,,
Los Angeles Chargers,Atlanta Falcons,3114.907255
,,
Atlanta Falcons,Los Angeles Chargers,3114.907255
,,
Los Angeles Chargers,Carolina Panthers,3410.315741
,,
Carolina Panthers,Los Angeles Chargers,3410.315741
,,
Los Angeles Chargers,New Orleans Saints,2687.58617
,,
New Orleans Saints,Los Angeles Chargers,2687.58617
,,
Los Angeles Chargers,Tampa Bay Buccaneers,3456.530664
,,
Tampa Bay Buccaneers,Los Angeles Chargers,3456.530664
,,
Los Angeles Chargers,Arizona Cardinals,556.3089149
,,
Arizona Cardinals,Los Angeles Chargers,556.3089149
,,
Los Angeles Chargers,Los Angeles Rams,16.83376118
,,
Los Angeles Rams,Los Angeles Chargers,16.83376118
,,
Los Angeles Chargers,San Francisco 49ers,516.9558386
,,
San Francisco 49ers,Los Angeles Chargers,516.9558386
,,
Los Angeles Chargers,Seattle Seahawks,1564.759212
,,
Seattle Seahawks,Los Angeles Chargers,1564.759212
,,
Dallas Cowboys,Buffalo Bills,1951.406022
,,
Buffalo Bills,Dallas Cowboys,1951.406022
,,
Dallas Cowboys,Miami Dolphins,1797.079825
,,
Miami Dolphins,Dallas Cowboys,1797.079825
,,
Dallas Cowboys,New England Patriots,2494.25279
,,
New England Patriots,Dallas Cowboys,2494.25279
,,
Dallas Cowboys,New York Jets,2229.569894
,,
New York Jets,Dallas Cowboys,2229.569894
,,
Dallas Cowboys,Baltimore Ravens,1974.207855
,,
Baltimore Ravens,Dallas Cowboys,1974.207855
,,
Dallas Cowboys,Cincinnati Bengals,1332.939332
,,
Cincinnati Bengals,Dallas Cowboys,1332.939332
,,
Dallas Cowboys,Cleveland Browns,1672.917316
,,
Cleveland Browns,Dallas Cowboys,1672.917316
,,
Dallas Cowboys,Pittsburgh Steelers,1744.545392
,,
Pittsburgh Steelers,Dallas Cowboys,1744.545392
,,
Dallas Cowboys,Houston Texans,376.3829659
,,
Houston Texans,Dallas Cowboys,376.3829659
,,
Dallas Cowboys,Indianapolis Colts,1251.065191
,,
Indianapolis Colts,Dallas Cowboys,1251.065191
,,
Dallas Cowboys,Jacksonville Jaguars,1488.369521
,,
Jacksonville Jaguars,Dallas Cowboys,1488.369521
,,
Dallas Cowboys,Tennessee Titans,1019.44364
,,
Tennessee Titans,Dallas Cowboys,1019.44364
,,
Dallas Cowboys,Denver Broncos,1053.24161
,,
Denver Broncos,Dallas Cowboys,1053.24161
,,
Dallas Cowboys,Kansas City Chiefs,739.1422127
,,
Kansas City Chiefs,Dallas Cowboys,739.1422127
,,
Dallas Cowboys,Oakland Raiders,2339.858595
,,
Oakland Raiders,Dallas Cowboys,2339.858595
,,
Dallas Cowboys,Los Angeles Chargers,1968.257576
,,
Los Angeles Chargers,Dallas Cowboys,1968.257576
,,
Dallas Cowboys,New York Giants,2229.569894
,,
New York Giants,Dallas Cowboys,2229.569894
,,
Dallas Cowboys,Philadelphia Eagles,2112.770424
,,
Philadelphia Eagles,Dallas Cowboys,2112.770424
,,
Dallas Cowboys,Washington Redskins,1943.501739
,,
Washington Redskins,Dallas Cowboys,1943.501739
,,
Dallas Cowboys,Chicago Bears,1313.807898
,,
Chicago Bears,Dallas Cowboys,1313.807898
,,
Dallas Cowboys,Detroit Lions,1631.049408
,,
Detroit Lions,Dallas Cowboys,1631.049408
,,
Dallas Cowboys,Green Bay Packers,1522.557499
,,
Green Bay Packers,Dallas Cowboys,1522.557499
,,
Dallas Cowboys,Minnesota Vikings,1624.590841
,,
Minnesota Vikings,Dallas Cowboys,1624.590841
,,
Dallas Cowboys,Atlanta Falcons,1185.139221
,,
Atlanta Falcons,Dallas Cowboys,1185.139221
,,
Dallas Cowboys,Carolina Panthers,1521.113366
,,
Carolina Panthers,Dallas Cowboys,1521.113366
,,
Dallas Cowboys,New Orleans Saints,734.8950431
,,
New Orleans Saints,Dallas Cowboys,734.8950431
,,
Dallas Cowboys,Tampa Bay Buccaneers,1495.767436
,,
Tampa Bay Buccaneers,Dallas Cowboys,1495.767436
,,
Dallas Cowboys,Arizona Cardinals,1414.296513
,,
Arizona Cardinals,Dallas Cowboys,1414.296513
,,
Dallas Cowboys,Los Angeles Rams,1970.130495
,,
Los Angeles Rams,Dallas Cowboys,1970.130495
,,
Dallas Cowboys,San Francisco 49ers,2315.69727
,,
San Francisco 49ers,Dallas Cowboys,2315.69727
,,
Dallas Cowboys,Seattle Seahawks,2686.362894
,,
Seattle Seahawks,Dallas Cowboys,2686.362894
,,
New York Giants,Buffalo Bills,447.3934295
,,
Buffalo Bills,New York Giants,447.3934295
,,
New York Giants,Miami Dolphins,1747.513985
,,
Miami Dolphins,New York Giants,1747.513985
,,
New York Giants,New England Patriots,273.9646381
,,
New England Patriots,New York Giants,273.9646381
,,
New York Giants,New York Jets,0
,,
New York Jets,New York Giants,0
,,
New York Giants,Baltimore Ravens,276.1252658
,,
Baltimore Ravens,New York Giants,276.1252658
,,
New York Giants,Cincinnati Bengals,909.971354
,,
Cincinnati Bengals,New York Giants,909.971354
,,
New York Giants,Cleveland Browns,642.9485277
,,
Cleveland Browns,New York Giants,642.9485277
,,
New York Giants,Pittsburgh Steelers,503.1057513
,,
Pittsburgh Steelers,New York Giants,503.1057513
,,
New York Giants,Houston Texans,2290.064784
,,
Houston Texans,New York Giants,2290.064784
,,
New York Giants,Indianapolis Colts,1031.592791
,,
Indianapolis Colts,New York Giants,1031.592791
,,
New York Giants,Jacksonville Jaguars,1351.309344
,,
Jacksonville Jaguars,New York Giants,1351.309344
,,
New York Giants,Tennessee Titans,1218.709815
,,
Tennessee Titans,New York Giants,1218.709815
,,
New York Giants,Denver Broncos,2615.020983
,,
Denver Broncos,New York Giants,2615.020983
,,
New York Giants,Kansas City Chiefs,1747.802792
,,
Kansas City Chiefs,New York Giants,1747.802792
,,
New York Giants,Oakland Raiders,4105.317563
,,
Oakland Raiders,New York Giants,4105.317563
,,
New York Giants,Los Angeles Chargers,3940.605388
,,
Los Angeles Chargers,New York Giants,3940.605388
,,
New York Giants,Dallas Cowboys,2229.569894
,,
Dallas Cowboys,New York Giants,2229.569894
,,
New York Giants,Philadelphia Eagles,137.4435906
,,
Philadelphia Eagles,New York Giants,137.4435906
,,
New York Giants,Washington Redskins,318.8446819
,,
Washington Redskins,New York Giants,318.8446819
,,
New York Giants,Chicago Bears,1135.771761
,,
Chicago Bears,New York Giants,1135.771761
,,
New York Giants,Detroit Lions,765.126645
,,
Detroit Lions,New York Giants,765.126645
,,
New York Giants,Green Bay Packers,1213.617094
,,
Green Bay Packers,New York Giants,1213.617094
,,
New York Giants,Minnesota Vikings,1131.8626
,,
Minnesota Vikings,New York Giants,1131.8626
,,
New York Giants,Atlanta Falcons,1203.079866
,,
Atlanta Falcons,New York Giants,1203.079866
,,
New York Giants,Carolina Panthers,859.1506122
,,
Carolina Panthers,New York Giants,859.1506122
,,
New York Giants,New Orleans Saints,1883.213628
,,
New Orleans Saints,New York Giants,1883.213628
,,
New York Giants,Tampa Bay Buccaneers,1622.078311
,,
Tampa Bay Buccaneers,New York Giants,1622.078311
,,
New York Giants,Arizona Cardinals,3451.431898
,,
Arizona Cardinals,New York Giants,3451.431898
,,
New York Giants,Los Angeles Rams,3935.97987
,,
Los Angeles Rams,New York Giants,3935.97987
,,
New York Giants,San Francisco 49ers,4099.763816
,,
San Francisco 49ers,New York Giants,4099.763816
,,
New York Giants,Seattle Seahawks,3856.513464
,,
Seattle Seahawks,New York Giants,3856.513464
,,
Philadelphia Eagles,Buffalo Bills,439.7733387
,,
Buffalo Bills,Philadelphia Eagles,439.7733387
,,
Philadelphia Eagles,Miami Dolphins,1620.728878
,,
Miami Dolphins,Philadelphia Eagles,1620.728878
,,
Philadelphia Eagles,New England Patriots,408.2333516
,,
New England Patriots,Philadelphia Eagles,408.2333516
,,
Philadelphia Eagles,New York Jets,137.4435906
,,
New York Jets,Philadelphia Eagles,137.4435906
,,
Philadelphia Eagles,Baltimore Ravens,142.6826662
,,
Baltimore Ravens,Philadelphia Eagles,142.6826662
,,
Philadelphia Eagles,Cincinnati Bengals,806.9918422
,,
Cincinnati Bengals,Philadelphia Eagles,806.9918422
,,
Philadelphia Eagles,Cleveland Browns,578.8345395
,,
Cleveland Browns,Philadelphia Eagles,578.8345395
,,
Philadelphia Eagles,Pittsburgh Steelers,416.4520559
,,
Pittsburgh Steelers,Philadelphia Eagles,416.4520559
,,
Philadelphia Eagles,Houston Texans,2162.537344
,,
Houston Texans,Philadelphia Eagles,2162.537344
,,
Philadelphia Eagles,Indianapolis Colts,938.8219765
,,
Indianapolis Colts,Philadelphia Eagles,938.8219765
,,
Philadelphia Eagles,Jacksonville Jaguars,1216.213996
,,
Jacksonville Jaguars,Philadelphia Eagles,1216.213996
,,
Philadelphia Eagles,Tennessee Titans,1097.120069
,,
Tennessee Titans,Philadelphia Eagles,1097.120069
,,
Philadelphia Eagles,Denver Broncos,2538.299358
,,
Denver Broncos,Philadelphia Eagles,2538.299358
,,
Philadelphia Eagles,Kansas City Chiefs,1657.949859
,,
Kansas City Chiefs,Philadelphia Eagles,1657.949859
,,
Philadelphia Eagles,Oakland Raiders,4035.246793
,,
Oakland Raiders,Philadelphia Eagles,4035.246793
,,
Philadelphia Eagles,Los Angeles Chargers,3854.418773
,,
Los Angeles Chargers,Philadelphia Eagles,3854.418773
,,
Philadelphia Eagles,Dallas Cowboys,2112.770424
,,
Dallas Cowboys,Philadelphia Eagles,2112.770424
,,
Philadelphia Eagles,New York Giants,137.4435906
,,
New York Giants,Philadelphia Eagles,137.4435906
,,
Philadelphia Eagles,Washington Redskins,182.9463671
,,
Washington Redskins,Philadelphia Eagles,182.9463671
,,
Philadelphia Eagles,Chicago Bears,1068.401909
,,
Chicago Bears,Philadelphia Eagles,1068.401909
,,
Philadelphia Eagles,Detroit Lions,713.3424678
,,
Detroit Lions,Philadelphia Eagles,713.3424678
,,
Philadelphia Eagles,Green Bay Packers,1177.500259
,,
Green Bay Packers,Philadelphia Eagles,1177.500259
,,
Philadelphia Eagles,Minnesota Vikings,1105.670215
,,
Minnesota Vikings,Philadelphia Eagles,1105.670215
,,
Philadelphia Eagles,Atlanta Falcons,1067.913713
,,
Atlanta Falcons,Philadelphia Eagles,1067.913713
,,
Philadelphia Eagles,Carolina Panthers,721.9463041
,,
Carolina Panthers,Philadelphia Eagles,721.9463041
,,
Philadelphia Eagles,New Orleans Saints,1749.213495
,,
New Orleans Saints,Philadelphia Eagles,1749.213495
,,
Philadelphia Eagles,Tampa Bay Buccaneers,1487.796967
,,
Tampa Bay Buccaneers,Philadelphia Eagles,1487.796967
,,
Philadelphia Eagles,Arizona Cardinals,3357.493305
,,
Arizona Cardinals,Philadelphia Eagles,3357.493305
,,
Philadelphia Eagles,Los Angeles Rams,3850.269886
,,
Los Angeles Rams,Philadelphia Eagles,3850.269886
,,
Philadelphia Eagles,San Francisco 49ers,4028.348219
,,
San Francisco 49ers,Philadelphia Eagles,4028.348219
,,
Philadelphia Eagles,Seattle Seahawks,3823.128157
,,
Seattle Seahawks,Philadelphia Eagles,3823.128157
,,
Washington Redskins,Buffalo Bills,459.3852109
,,
Buffalo Bills,Washington Redskins,459.3852109
,,
Washington Redskins,Miami Dolphins,1474.497018
,,
Miami Dolphins,Washington Redskins,1474.497018
,,
Washington Redskins,New England Patriots,591.147229
,,
New England Patriots,Washington Redskins,591.147229
,,
Washington Redskins,New York Jets,318.8446819
,,
New York Jets,Washington Redskins,318.8446819
,,
Washington Redskins,Baltimore Ravens,46.16845326
,,
Baltimore Ravens,Washington Redskins,46.16845326
,,
Washington Redskins,Cincinnati Bengals,661.5363808
,,
Cincinnati Bengals,Washington Redskins,661.5363808
,,
Washington Redskins,Cleveland Browns,502.0857089
,,
Cleveland Browns,Washington Redskins,502.0857089
,,
Washington Redskins,Pittsburgh Steelers,319.472361
,,
Pittsburgh Steelers,Washington Redskins,319.472361
,,
Washington Redskins,Houston Texans,1983.358389
,,
Houston Texans,Washington Redskins,1983.358389
,,
Washington Redskins,Indianapolis Colts,805.2703184
,,
Indianapolis Colts,Washington Redskins,805.2703184
,,
Washington Redskins,Jacksonville Jaguars,1049.577354
,,
Jacksonville Jaguars,Washington Redskins,1049.577354
,,
Washington Redskins,Tennessee Titans,924.8749148
,,
Tennessee Titans,Washington Redskins,924.8749148
,,
Washington Redskins,Denver Broncos,2414.376605
,,
Denver Broncos,Washington Redskins,2414.376605
,,
Washington Redskins,Kansas City Chiefs,1521.215144
,,
Kansas City Chiefs,Washington Redskins,1521.215144
,,
Washington Redskins,Oakland Raiders,3916.570029
,,
Oakland Raiders,Washington Redskins,3916.570029
,,
Washington Redskins,Los Angeles Chargers,3716.931471
,,
Los Angeles Chargers,Washington Redskins,3716.931471
,,
Washington Redskins,Dallas Cowboys,1943.501739
,,
Dallas Cowboys,Washington Redskins,1943.501739
,,
Washington Redskins,New York Giants,318.8446819
,,
New York Giants,Washington Redskins,318.8446819
,,
Washington Redskins,Philadelphia Eagles,182.9463671
,,
Philadelphia Eagles,Washington Redskins,182.9463671
,,
Washington Redskins,Chicago Bears,967.6175705
,,
Chicago Bears,Washington Redskins,967.6175705
,,
Washington Redskins,Detroit Lions,646.2808121
,,
Detroit Lions,Washington Redskins,646.2808121
,,
Washington Redskins,Green Bay Packers,1117.254592
,,
Green Bay Packers,Washington Redskins,1117.254592
,,
Washington Redskins,Minnesota Vikings,1060.431389
,,
Minnesota Vikings,Washington Redskins,1060.431389
,,
Washington Redskins,Atlanta Falcons,884.9701113
,,
Atlanta Falcons,Washington Redskins,884.9701113
,,
Washington Redskins,Carolina Panthers,541.1946211
,,
Carolina Panthers,Washington Redskins,541.1946211
,,
Washington Redskins,New Orleans Saints,1566.385988
,,
New Orleans Saints,Washington Redskins,1566.385988
,,
Washington Redskins,Tampa Bay Buccaneers,1323.059644
,,
Tampa Bay Buccaneers,Washington Redskins,1323.059644
,,
Washington Redskins,Arizona Cardinals,3211.665907
,,
Arizona Cardinals,Washington Redskins,3211.665907
,,
Washington Redskins,Los Angeles Rams,3713.338683
,,
Los Angeles Rams,Washington Redskins,3713.338683
,,
Washington Redskins,San Francisco 49ers,3908.066476
,,
San Francisco 49ers,Washington Redskins,3908.066476
,,
Washington Redskins,Seattle Seahawks,3750.333055
,,
Seattle Seahawks,Washington Redskins,3750.333055
,,
Chicago Bears,Buffalo Bills,732.8922837
,,
Buffalo Bills,Chicago Bears,732.8922837
,,
Chicago Bears,Miami Dolphins,1893.704141
,,
Miami Dolphins,Chicago Bears,1893.704141
,,
Chicago Bears,New England Patriots,1350.35013
,,
New England Patriots,Chicago Bears,1350.35013
,,
Chicago Bears,New York Jets,1135.771761
,,
New York Jets,Chicago Bears,1135.771761
,,
Chicago Bears,Baltimore Ravens,971.5336994
,,
Baltimore Ravens,Chicago Bears,971.5336994
,,
Chicago Bears,Cincinnati Bengals,404.3473965
,,
Cincinnati Bengals,Chicago Bears,404.3473965
,,
Chicago Bears,Cleveland Browns,493.0329243
,,
Cleveland Browns,Chicago Bears,493.0329243
,,
Chicago Bears,Pittsburgh Steelers,655.5053327
,,
Pittsburgh Steelers,Chicago Bears,655.5053327
,,
Chicago Bears,Houston Texans,1524.619271
,,
Houston Texans,Chicago Bears,1524.619271
,,
Chicago Bears,Indianapolis Colts,263.8978314
,,
Indianapolis Colts,Chicago Bears,263.8978314
,,
Chicago Bears,Jacksonville Jaguars,1390.464705
,,
Jacksonville Jaguars,Chicago Bears,1390.464705
,,
Chicago Bears,Tennessee Titans,637.7648323
,,
Tennessee Titans,Chicago Bears,637.7648323
,,
Chicago Bears,Denver Broncos,1481.472466
,,
Denver Broncos,Chicago Bears,1481.472466
,,
Chicago Bears,Kansas City Chiefs,659.820635
,,
Kansas City Chiefs,Chicago Bears,659.820635
,,
Chicago Bears,Oakland Raiders,2969.787879
,,
Oakland Raiders,Chicago Bears,2969.787879
,,
Chicago Bears,Los Angeles Chargers,2816.685292
,,
Los Angeles Chargers,Chicago Bears,2816.685292
,,
Chicago Bears,Dallas Cowboys,1313.807898
,,
Dallas Cowboys,Chicago Bears,1313.807898
,,
Chicago Bears,New York Giants,1135.771761
,,
New York Giants,Chicago Bears,1135.771761
,,
Chicago Bears,Philadelphia Eagles,1068.401909
,,
Philadelphia Eagles,Chicago Bears,1068.401909
,,
Chicago Bears,Washington Redskins,967.6175705
,,
Washington Redskins,Chicago Bears,967.6175705
,,
Chicago Bears,Detroit Lions,380.9178668
,,
Detroit Lions,Chicago Bears,380.9178668
,,
Chicago Bears,Green Bay Packers,295.7379668
,,
Green Bay Packers,Chicago Bears,295.7379668
,,
Chicago Bears,Minnesota Vikings,352.9770911
,,
Minnesota Vikings,Chicago Bears,352.9770911
,,
Chicago Bears,Atlanta Falcons,944.5706206
,,
Atlanta Falcons,Chicago Bears,944.5706206
,,
Chicago Bears,Carolina Panthers,943.3461882
,,
Carolina Panthers,Chicago Bears,943.3461882
,,
Chicago Bears,New Orleans Saints,1343.236146
,,
New Orleans Saints,Chicago Bears,1343.236146
,,
Chicago Bears,Tampa Bay Buccaneers,1612.648873
,,
Tampa Bay Buccaneers,Chicago Bears,1612.648873
,,
Chicago Bears,Arizona Cardinals,2348.23595
,,
Arizona Cardinals,Chicago Bears,2348.23595
,,
Chicago Bears,Los Angeles Rams,2811.247305
,,
Los Angeles Rams,Chicago Bears,2811.247305
,,
Chicago Bears,San Francisco 49ers,2964.024511
,,
San Francisco 49ers,Chicago Bears,2964.024511
,,
Chicago Bears,Seattle Seahawks,2791.415862
,,
Seattle Seahawks,Chicago Bears,2791.415862
,,
Detroit Lions,Buffalo Bills,352.1978644
,,
Buffalo Bills,Detroit Lions,352.1978644
,,
Detroit Lions,Miami Dolphins,1840.08907
,,
Miami Dolphins,Detroit Lions,1840.08907
,,
Detroit Lions,New England Patriots,970.1485182
,,
New England Patriots,Detroit Lions,970.1485182
,,
Detroit Lions,New York Jets,765.126645
,,
New York Jets,Detroit Lions,765.126645
,,
Detroit Lions,Baltimore Ravens,638.7676652
,,
Baltimore Ravens,Detroit Lions,638.7676652
,,
Detroit Lions,Cincinnati Bengals,381.5720783
,,
Cincinnati Bengals,Detroit Lions,381.5720783
,,
Detroit Lions,Cleveland Browns,144.9586316
,,
Cleveland Browns,Detroit Lions,144.9586316
,,
Detroit Lions,Pittsburgh Steelers,328.9944338
,,
Pittsburgh Steelers,Detroit Lions,328.9944338
,,
Detroit Lions,Houston Texans,1790.10837
,,
Houston Texans,Detroit Lions,1790.10837
,,
Detroit Lions,Indianapolis Colts,388.2290636
,,
Indianapolis Colts,Detroit Lions,388.2290636
,,
Detroit Lions,Jacksonville Jaguars,1342.434876
,,
Jacksonville Jaguars,Detroit Lions,1342.434876
,,
Detroit Lions,Tennessee Titans,757.7686887
,,
Tennessee Titans,Detroit Lions,757.7686887
,,
Detroit Lions,Denver Broncos,1860.615621
,,
Denver Broncos,Detroit Lions,1860.615621
,,
Detroit Lions,Kansas City Chiefs,1030.729066
,,
Kansas City Chiefs,Detroit Lions,1030.729066
,,
Detroit Lions,Oakland Raiders,3342.884418
,,
Oakland Raiders,Detroit Lions,3342.884418
,,
Detroit Lions,Los Angeles Chargers,3197.523706
,,
Los Angeles Chargers,Detroit Lions,3197.523706
,,
Detroit Lions,Dallas Cowboys,1631.049408
,,
Dallas Cowboys,Detroit Lions,1631.049408
,,
Detroit Lions,New York Giants,765.126645
,,
New York Giants,Detroit Lions,765.126645
,,
Detroit Lions,Philadelphia Eagles,713.3424678
,,
Philadelphia Eagles,Detroit Lions,713.3424678
,,
Detroit Lions,Washington Redskins,646.2808121
,,
Washington Redskins,Detroit Lions,646.2808121
,,
Detroit Lions,Chicago Bears,380.9178668
,,
Chicago Bears,Detroit Lions,380.9178668
,,
Detroit Lions,Green Bay Packers,471.1027964
,,
Green Bay Packers,Detroit Lions,471.1027964
,,
Detroit Lions,Minnesota Vikings,419.270585
,,
Minnesota Vikings,Detroit Lions,419.270585
,,
Detroit Lions,Atlanta Falcons,961.9437618
,,
Atlanta Falcons,Detroit Lions,961.9437618
,,
Detroit Lions,Carolina Panthers,813.7432599
,,
Carolina Panthers,Detroit Lions,813.7432599
,,
Detroit Lions,New Orleans Saints,1514.635497
,,
New Orleans Saints,Detroit Lions,1514.635497
,,
Detroit Lions,Tampa Bay Buccaneers,1598.474647
,,
Tampa Bay Buccaneers,Detroit Lions,1598.474647
,,
Detroit Lions,Arizona Cardinals,2727.559457
,,
Arizona Cardinals,Detroit Lions,2727.559457
,,
Detroit Lions,Los Angeles Rams,3192.037055
,,
Los Angeles Rams,Detroit Lions,3192.037055
,,
Detroit Lions,San Francisco 49ers,3338.186939
,,
San Francisco 49ers,Detroit Lions,3338.186939
,,
Detroit Lions,Seattle Seahawks,3111.8127
,,
Seattle Seahawks,Detroit Lions,3111.8127
,,
Green Bay Packers,Buffalo Bills,770.510674
,,
Buffalo Bills,Green Bay Packers,770.510674
,,
Green Bay Packers,Miami Dolphins,2179.016923
,,
Miami Dolphins,Green Bay Packers,2179.016923
,,
Green Bay Packers,New England Patriots,1383.436223
,,
New England Patriots,Green Bay Packers,1383.436223
,,
Green Bay Packers,New York Jets,1213.617094
,,
New York Jets,Green Bay Packers,1213.617094
,,
Green Bay Packers,Baltimore Ravens,1109.649768
,,
Baltimore Ravens,Green Bay Packers,1109.649768
,,
Green Bay Packers,Cincinnati Bengals,669.179964
,,
Cincinnati Bengals,Green Bay Packers,669.179964
,,
Green Bay Packers,Cleveland Browns,615.246843
,,
Cleveland Browns,Green Bay Packers,615.246843
,,
Green Bay Packers,Pittsburgh Steelers,798.8867347
,,
Pittsburgh Steelers,Green Bay Packers,798.8867347
,,
Green Bay Packers,Houston Texans,1770.454988
,,
Houston Texans,Green Bay Packers,1770.454988
,,
Green Bay Packers,Indianapolis Colts,550.0921893
,,
Indianapolis Colts,Green Bay Packers,550.0921893
,,
Green Bay Packers,Jacksonville Jaguars,1674.609049
,,
Jacksonville Jaguars,Green Bay Packers,1674.609049
,,
Green Bay Packers,Tennessee Titans,933.5027862
,,
Tennessee Titans,Green Bay Packers,933.5027862
,,
Green Bay Packers,Denver Broncos,1492.299739
,,
Denver Broncos,Green Bay Packers,1492.299739
,,
Green Bay Packers,Kansas City Chiefs,806.6683734
,,
Kansas City Chiefs,Green Bay Packers,806.6683734
,,
Green Bay Packers,Oakland Raiders,2933.842324
,,
Oakland Raiders,Green Bay Packers,2933.842324
,,
Green Bay Packers,Los Angeles Chargers,2838.504947
,,
Los Angeles Chargers,Green Bay Packers,2838.504947
,,
Green Bay Packers,Dallas Cowboys,1522.557499
,,
Dallas Cowboys,Green Bay Packers,1522.557499
,,
Green Bay Packers,New York Giants,1213.617094
,,
New York Giants,Green Bay Packers,1213.617094
,,
Green Bay Packers,Philadelphia Eagles,1177.500259
,,
Philadelphia Eagles,Green Bay Packers,1177.500259
,,
Green Bay Packers,Washington Redskins,1117.254592
,,
Washington Redskins,Green Bay Packers,1117.254592
,,
Green Bay Packers,Chicago Bears,295.7379668
,,
Chicago Bears,Green Bay Packers,295.7379668
,,
Green Bay Packers,Detroit Lions,471.1027964
,,
Detroit Lions,Green Bay Packers,471.1027964
,,
Green Bay Packers,Minnesota Vikings,114.8387022
,,
Minnesota Vikings,Green Bay Packers,114.8387022
,,
Green Bay Packers,Atlanta Falcons,1235.733856
,,
Atlanta Falcons,Green Bay Packers,1235.733856
,,
Green Bay Packers,Carolina Panthers,1200.225102
,,
Carolina Panthers,Green Bay Packers,1200.225102
,,
Green Bay Packers,New Orleans Saints,1628.158237
,,
New Orleans Saints,Green Bay Packers,1628.158237
,,
Green Bay Packers,Tampa Bay Buccaneers,1903.380451
,,
Tampa Bay Buccaneers,Green Bay Packers,1903.380451
,,
Green Bay Packers,Arizona Cardinals,2407.995314
,,
Arizona Cardinals,Green Bay Packers,2407.995314
,,
Green Bay Packers,Los Angeles Rams,2831.381641
,,
Los Angeles Rams,Green Bay Packers,2831.381641
,,
Green Bay Packers,San Francisco 49ers,2932.583329
,,
San Francisco 49ers,Green Bay Packers,2932.583329
,,
Green Bay Packers,Seattle Seahawks,2645.938675
,,
Seattle Seahawks,Green Bay Packers,2645.938675
,,
Minnesota Vikings,Buffalo Bills,685.0952928
,,
Buffalo Bills,Minnesota Vikings,685.0952928
,,
Minnesota Vikings,Miami Dolphins,2194.693404
,,
Miami Dolphins,Minnesota Vikings,2194.693404
,,
Minnesota Vikings,New England Patriots,1288.750443
,,
New England Patriots,Minnesota Vikings,1288.750443
,,
Minnesota Vikings,New York Jets,1131.8626
,,
New York Jets,Minnesota Vikings,1131.8626
,,
Minnesota Vikings,Baltimore Ravens,1048.699763
,,
Baltimore Ravens,Minnesota Vikings,1048.699763
,,
Minnesota Vikings,Cincinnati Bengals,680.0346459
,,
Cincinnati Bengals,Minnesota Vikings,680.0346459
,,
Minnesota Vikings,Cleveland Browns,563.5769461
,,
Cleveland Browns,Minnesota Vikings,563.5769461
,,
Minnesota Vikings,Pittsburgh Steelers,746.9468416
,,
Pittsburgh Steelers,Minnesota Vikings,746.9468416
,,
Minnesota Vikings,Houston Texans,1861.930426
,,
Houston Texans,Minnesota Vikings,1861.930426
,,
Minnesota Vikings,Indianapolis Colts,582.308061
,,
Indianapolis Colts,Minnesota Vikings,582.308061
,,
Minnesota Vikings,Jacksonville Jaguars,1690.367692
,,
Jacksonville Jaguars,Minnesota Vikings,1690.367692
,,
Minnesota Vikings,Tennessee Titans,979.8915623
,,
Tennessee Titans,Minnesota Vikings,979.8915623
,,
Minnesota Vikings,Denver Broncos,1604.415999
,,
Denver Broncos,Minnesota Vikings,1604.415999
,,
Minnesota Vikings,Kansas City Chiefs,916.1792656
,,
Kansas City Chiefs,Minnesota Vikings,916.1792656
,,
Minnesota Vikings,Oakland Raiders,3038.299987
,,
Oakland Raiders,Minnesota Vikings,3038.299987
,,
Minnesota Vikings,Los Angeles Chargers,2950.224433
,,
Los Angeles Chargers,Minnesota Vikings,2950.224433
,,
Minnesota Vikings,Dallas Cowboys,1624.590841
,,
Dallas Cowboys,Minnesota Vikings,1624.590841
,,
Minnesota Vikings,New York Giants,1131.8626
,,
New York Giants,Minnesota Vikings,1131.8626
,,
Minnesota Vikings,Philadelphia Eagles,1105.670215
,,
Philadelphia Eagles,Minnesota Vikings,1105.670215
,,
Minnesota Vikings,Washington Redskins,1060.431389
,,
Washington Redskins,Minnesota Vikings,1060.431389
,,
Minnesota Vikings,Chicago Bears,352.9770911
,,
Chicago Bears,Minnesota Vikings,352.9770911
,,
Minnesota Vikings,Detroit Lions,419.270585
,,
Detroit Lions,Minnesota Vikings,419.270585
,,
Minnesota Vikings,Green Bay Packers,114.8387022
,,
Green Bay Packers,Minnesota Vikings,114.8387022
,,
Minnesota Vikings,Atlanta Falcons,1264.213026
,,
Atlanta Falcons,Minnesota Vikings,1264.213026
,,
Minnesota Vikings,Carolina Panthers,1194.873857
,,
Carolina Panthers,Minnesota Vikings,1194.873857
,,
Minnesota Vikings,New Orleans Saints,1696.197431
,,
New Orleans Saints,Minnesota Vikings,1696.197431
,,
Minnesota Vikings,Tampa Bay Buccaneers,1928.331741
,,
Tampa Bay Buccaneers,Minnesota Vikings,1928.331741
,,
Minnesota Vikings,Arizona Cardinals,2522.293796
,,
Arizona Cardinals,Minnesota Vikings,2522.293796
,,
Minnesota Vikings,Los Angeles Rams,2942.954583
,,
Los Angeles Rams,Minnesota Vikings,2942.954583
,,
Minnesota Vikings,San Francisco 49ers,3037.754633
,,
San Francisco 49ers,Minnesota Vikings,3037.754633
,,
Minnesota Vikings,Seattle Seahawks,2724.719366
,,
Seattle Seahawks,Minnesota Vikings,2724.719366
,,
Atlanta Falcons,Buffalo Bills,1115.615563
,,
Buffalo Bills,Atlanta Falcons,1115.615563
,,
Atlanta Falcons,Miami Dolphins,955.6602571
,,
Miami Dolphins,Atlanta Falcons,955.6602571
,,
Atlanta Falcons,New England Patriots,1476.100827
,,
New England Patriots,Atlanta Falcons,1476.100827
,,
Atlanta Falcons,New York Jets,1203.079866
,,
New York Jets,Atlanta Falcons,1203.079866
,,
Atlanta Falcons,Baltimore Ravens,926.9546929
,,
Baltimore Ravens,Atlanta Falcons,926.9546929
,,
Atlanta Falcons,Cincinnati Bengals,593.8279694
,,
Cincinnati Bengals,Atlanta Falcons,593.8279694
,,
Atlanta Falcons,Cleveland Browns,893.9869878
,,
Cleveland Browns,Atlanta Falcons,893.9869878
,,
Atlanta Falcons,Pittsburgh Steelers,839.2966269
,,
Pittsburgh Steelers,Atlanta Falcons,839.2966269
,,
Atlanta Falcons,Houston Texans,1135.101475
,,
Houston Texans,Atlanta Falcons,1135.101475
,,
Atlanta Falcons,Indianapolis Colts,685.8533862
,,
Indianapolis Colts,Atlanta Falcons,685.8533862
,,
Atlanta Falcons,Jacksonville Jaguars,462.2753089
,,
Jacksonville Jaguars,Atlanta Falcons,462.2753089
,,
Atlanta Falcons,Tennessee Titans,344.1924374
,,
Tennessee Titans,Atlanta Falcons,344.1924374
,,
Atlanta Falcons,Denver Broncos,1949.078721
,,
Denver Broncos,Atlanta Falcons,1949.078721
,,
Atlanta Falcons,Kansas City Chiefs,1076.554261
,,
Kansas City Chiefs,Atlanta Falcons,1076.554261
,,
Atlanta Falcons,Oakland Raiders,3417.54233
,,
Oakland Raiders,Atlanta Falcons,3417.54233
,,
Atlanta Falcons,Los Angeles Chargers,3114.907255
,,
Los Angeles Chargers,Atlanta Falcons,3114.907255
,,
Atlanta Falcons,Dallas Cowboys,1185.139221
,,
Dallas Cowboys,Atlanta Falcons,1185.139221
,,
Atlanta Falcons,New York Giants,1203.079866
,,
New York Giants,Atlanta Falcons,1203.079866
,,
Atlanta Falcons,Philadelphia Eagles,1067.913713
,,
Philadelphia Eagles,Atlanta Falcons,1067.913713
,,
Atlanta Falcons,Washington Redskins,884.9701113
,,
Washington Redskins,Atlanta Falcons,884.9701113
,,
Atlanta Falcons,Chicago Bears,944.5706206
,,
Chicago Bears,Atlanta Falcons,944.5706206
,,
Atlanta Falcons,Detroit Lions,961.9437618
,,
Detroit Lions,Atlanta Falcons,961.9437618
,,
Atlanta Falcons,Green Bay Packers,1235.733856
,,
Green Bay Packers,Atlanta Falcons,1235.733856
,,
Atlanta Falcons,Minnesota Vikings,1264.213026
,,
Minnesota Vikings,Atlanta Falcons,1264.213026
,,
Atlanta Falcons,Carolina Panthers,363.939918
,,
Carolina Panthers,Atlanta Falcons,363.939918
,,
Atlanta Falcons,New Orleans Saints,683.3673261
,,
New Orleans Saints,Atlanta Falcons,683.3673261
,,
Atlanta Falcons,Tampa Bay Buccaneers,668.0807965
,,
Tampa Bay Buccaneers,Atlanta Falcons,668.0807965
,,
Atlanta Falcons,Arizona Cardinals,2572.189338
,,
Arizona Cardinals,Atlanta Falcons,2572.189338
,,
Atlanta Falcons,Los Angeles Rams,3114.666483
,,
Los Angeles Rams,Atlanta Falcons,3114.666483
,,
Atlanta Falcons,San Francisco 49ers,3400.23749
,,
San Francisco 49ers,Atlanta Falcons,3400.23749
,,
Atlanta Falcons,Seattle Seahawks,3504.979221
,,
Seattle Seahawks,Atlanta Falcons,3504.979221
,,
Carolina Panthers,Buffalo Bills,858.2394381
,,
Buffalo Bills,Carolina Panthers,858.2394381
,,
Carolina Panthers,Miami Dolphins,1032.52021
,,
Miami Dolphins,Carolina Panthers,1032.52021
,,
Carolina Panthers,New England Patriots,1128.55597
,,
New England Patriots,Carolina Panthers,1128.55597
,,
Carolina Panthers,New York Jets,859.1506122
,,
New York Jets,Carolina Panthers,859.1506122
,,
Carolina Panthers,Baltimore Ravens,585.8592132
,,
Baltimore Ravens,Carolina Panthers,585.8592132
,,
Carolina Panthers,Cincinnati Bengals,539.0575089
,,
Cincinnati Bengals,Carolina Panthers,539.0575089
,,
Carolina Panthers,Cleveland Browns,702.434662
,,
Cleveland Browns,Carolina Panthers,702.434662
,,
Carolina Panthers,Pittsburgh Steelers,585.3391617
,,
Pittsburgh Steelers,Carolina Panthers,585.3391617
,,
Carolina Panthers,Houston Texans,1496.903398
,,
Houston Texans,Carolina Panthers,1496.903398
,,
Carolina Panthers,Indianapolis Colts,688.2417047
,,
Indianapolis Colts,Carolina Panthers,688.2417047
,,
Carolina Panthers,Jacksonville Jaguars,550.1525805
,,
Jacksonville Jaguars,Carolina Panthers,550.1525805
,,
Carolina Panthers,Tennessee Titans,544.6869556
,,
Tennessee Titans,Carolina Panthers,544.6869556
,,
Carolina Panthers,Denver Broncos,2184.204869
,,
Denver Broncos,Carolina Panthers,2184.204869
,,
Carolina Panthers,Kansas City Chiefs,1279.750809
,,
Kansas City Chiefs,Carolina Panthers,1279.750809
,,
Carolina Panthers,Oakland Raiders,3678.221096
,,
Oakland Raiders,Carolina Panthers,3678.221096
,,
Carolina Panthers,Los Angeles Chargers,3410.315741
,,
Los Angeles Chargers,Carolina Panthers,3410.315741
,,
Carolina Panthers,Dallas Cowboys,1521.113366
,,
Dallas Cowboys,Carolina Panthers,1521.113366
,,
Carolina Panthers,New York Giants,859.1506122
,,
New York Giants,Carolina Panthers,859.1506122
,,
Carolina Panthers,Philadelphia Eagles,721.9463041
,,
Philadelphia Eagles,Carolina Panthers,721.9463041
,,
Carolina Panthers,Washington Redskins,541.1946211
,,
Washington Redskins,Carolina Panthers,541.1946211
,,
Carolina Panthers,Chicago Bears,943.3461882
,,
Chicago Bears,Carolina Panthers,943.3461882
,,
Carolina Panthers,Detroit Lions,813.7432599
,,
Detroit Lions,Carolina Panthers,813.7432599
,,
Carolina Panthers,Green Bay Packers,1200.225102
,,
Green Bay Packers,Carolina Panthers,1200.225102
,,
Carolina Panthers,Minnesota Vikings,1194.873857
,,
Minnesota Vikings,Carolina Panthers,1194.873857
,,
Carolina Panthers,Atlanta Falcons,363.939918
,,
Atlanta Falcons,Carolina Panthers,363.939918
,,
Carolina Panthers,New Orleans Saints,1044.317478
,,
New Orleans Saints,Carolina Panthers,1044.317478
,,
Carolina Panthers,Tampa Bay Buccaneers,821.3939258
,,
Tampa Bay Buccaneers,Carolina Panthers,821.3939258
,,
Carolina Panthers,Arizona Cardinals,2877.71585
,,
Arizona Cardinals,Carolina Panthers,2877.71585
,,
Carolina Panthers,Los Angeles Rams,3408.924687
,,
Los Angeles Rams,Carolina Panthers,3408.924687
,,
Carolina Panthers,San Francisco 49ers,3663.984074
,,
San Francisco 49ers,Carolina Panthers,3663.984074
,,
Carolina Panthers,Seattle Seahawks,3671.099407
,,
Seattle Seahawks,Carolina Panthers,3671.099407
,,
New Orleans Saints,Buffalo Bills,1745.064849
,,
Buffalo Bills,New Orleans Saints,1745.064849
,,
New Orleans Saints,Miami Dolphins,1063.55541
,,
Miami Dolphins,New Orleans Saints,1063.55541
,,
New Orleans Saints,New England Patriots,2156.909275
,,
New England Patriots,New Orleans Saints,2156.909275
,,
New Orleans Saints,New York Jets,1883.213628
,,
New York Jets,New Orleans Saints,1883.213628
,,
New Orleans Saints,Baltimore Ravens,1607.397474
,,
Baltimore Ravens,New Orleans Saints,1607.397474
,,
New Orleans Saints,Cincinnati Bengals,1137.229868
,,
Cincinnati Bengals,New Orleans Saints,1137.229868
,,
New Orleans Saints,Cleveland Browns,1489.780823
,,
Cleveland Browns,New Orleans Saints,1489.780823
,,
New Orleans Saints,Pittsburgh Steelers,1480.99204
,,
Pittsburgh Steelers,New Orleans Saints,1480.99204
,,
New Orleans Saints,Houston Texans,515.1451044
,,
Houston Texans,New Orleans Saints,515.1451044
,,
New Orleans Saints,Indianapolis Colts,1147.828572
,,
Indianapolis Colts,New Orleans Saints,1147.828572
,,
New Orleans Saints,Jacksonville Jaguars,813.0979049
,,
Jacksonville Jaguars,New Orleans Saints,813.0979049
,,
New Orleans Saints,Tennessee Titans,756.9350698
,,
Tennessee Titans,New Orleans Saints,756.9350698
,,
New Orleans Saints,Denver Broncos,1741.137405
,,
Denver Broncos,New Orleans Saints,1741.137405
,,
New Orleans Saints,Kansas City Chiefs,1089.094204
,,
Kansas City Chiefs,New Orleans Saints,1089.094204
,,
New Orleans Saints,Oakland Raiders,3074.275574
,,
Oakland Raiders,New Orleans Saints,3074.275574
,,
New Orleans Saints,Los Angeles Chargers,2687.58617
,,
Los Angeles Chargers,New Orleans Saints,2687.58617
,,
New Orleans Saints,Dallas Cowboys,734.8950431
,,
Dallas Cowboys,New Orleans Saints,734.8950431
,,
New Orleans Saints,New York Giants,1883.213628
,,
New York Giants,New Orleans Saints,1883.213628
,,
New Orleans Saints,Philadelphia Eagles,1749.213495
,,
Philadelphia Eagles,New Orleans Saints,1749.213495
,,
New Orleans Saints,Washington Redskins,1566.385988
,,
Washington Redskins,New Orleans Saints,1566.385988
,,
New Orleans Saints,Chicago Bears,1343.236146
,,
Chicago Bears,New Orleans Saints,1343.236146
,,
New Orleans Saints,Detroit Lions,1514.635497
,,
Detroit Lions,New Orleans Saints,1514.635497
,,
New Orleans Saints,Green Bay Packers,1628.158237
,,
Green Bay Packers,New Orleans Saints,1628.158237
,,
New Orleans Saints,Minnesota Vikings,1696.197431
,,
Minnesota Vikings,New Orleans Saints,1696.197431
,,
New Orleans Saints,Atlanta Falcons,683.3673261
,,
Atlanta Falcons,New Orleans Saints,683.3673261
,,
New Orleans Saints,Carolina Panthers,1044.317478
,,
Carolina Panthers,New Orleans Saints,1044.317478
,,
New Orleans Saints,Tampa Bay Buccaneers,769.2927398
,,
Tampa Bay Buccaneers,New Orleans Saints,769.2927398
,,
New Orleans Saints,Arizona Cardinals,2131.321865
,,
Arizona Cardinals,New Orleans Saints,2131.321865
,,
New Orleans Saints,Los Angeles Rams,2690.55262
,,
Los Angeles Rams,New Orleans Saints,2690.55262
,,
New Orleans Saints,San Francisco 49ers,3049.670367
,,
San Francisco 49ers,New Orleans Saints,3049.670367
,,
New Orleans Saints,Seattle Seahawks,3377.642675
,,
Seattle Seahawks,New Orleans Saints,3377.642675
,,
Tampa Bay Buccaneers,Buffalo Bills,1679.633212
,,
Buffalo Bills,Tampa Bay Buccaneers,1679.633212
,,
Tampa Bay Buccaneers,Miami Dolphins,317.4205528
,,
Miami Dolphins,Tampa Bay Buccaneers,317.4205528
,,
Tampa Bay Buccaneers,New England Patriots,1870.421821
,,
New England Patriots,Tampa Bay Buccaneers,1870.421821
,,
Tampa Bay Buccaneers,New York Jets,1622.078311
,,
New York Jets,Tampa Bay Buccaneers,1622.078311
,,
Tampa Bay Buccaneers,Baltimore Ravens,1369.203817
,,
Baltimore Ravens,Tampa Bay Buccaneers,1369.203817
,,
Tampa Bay Buccaneers,Cincinnati Bengals,1250.728594
,,
Cincinnati Bengals,Tampa Bay Buccaneers,1250.728594
,,
Tampa Bay Buccaneers,Cleveland Browns,1506.742755
,,
Cleveland Browns,Tampa Bay Buccaneers,1506.742755
,,
Tampa Bay Buccaneers,Pittsburgh Steelers,1405.696582
,,
Pittsburgh Steelers,Tampa Bay Buccaneers,1405.696582
,,
Tampa Bay Buccaneers,Houston Texans,1271.32706
,,
Houston Texans,Tampa Bay Buccaneers,1271.32706
,,
Tampa Bay Buccaneers,Indianapolis Colts,1353.297359
,,
Indianapolis Colts,Tampa Bay Buccaneers,1353.297359
,,
Tampa Bay Buccaneers,Jacksonville Jaguars,274.3796491
,,
Jacksonville Jaguars,Tampa Bay Buccaneers,274.3796491
,,
Tampa Bay Buccaneers,Tennessee Titans,995.5877933
,,
Tennessee Titans,Tampa Bay Buccaneers,995.5877933
,,
Tampa Bay Buccaneers,Denver Broncos,2446.52121
,,
Denver Broncos,Tampa Bay Buccaneers,2446.52121
,,
Tampa Bay Buccaneers,Kansas City Chiefs,1655.645459
,,
Kansas City Chiefs,Tampa Bay Buccaneers,1655.645459
,,
Tampa Bay Buccaneers,Oakland Raiders,3833.469594
,,
Oakland Raiders,Tampa Bay Buccaneers,3833.469594
,,
Tampa Bay Buccaneers,Los Angeles Chargers,3456.530664
,,
Los Angeles Chargers,Tampa Bay Buccaneers,3456.530664
,,
Tampa Bay Buccaneers,Dallas Cowboys,1495.767436
,,
Dallas Cowboys,Tampa Bay Buccaneers,1495.767436
,,
Tampa Bay Buccaneers,New York Giants,1622.078311
,,
New York Giants,Tampa Bay Buccaneers,1622.078311
,,
Tampa Bay Buccaneers,Philadelphia Eagles,1487.796967
,,
Philadelphia Eagles,Tampa Bay Buccaneers,1487.796967
,,
Tampa Bay Buccaneers,Washington Redskins,1323.059644
,,
Washington Redskins,Tampa Bay Buccaneers,1323.059644
,,
Tampa Bay Buccaneers,Chicago Bears,1612.648873
,,
Chicago Bears,Tampa Bay Buccaneers,1612.648873
,,
Tampa Bay Buccaneers,Detroit Lions,1598.474647
,,
Detroit Lions,Tampa Bay Buccaneers,1598.474647
,,
Tampa Bay Buccaneers,Green Bay Packers,1903.380451
,,
Green Bay Packers,Tampa Bay Buccaneers,1903.380451
,,
Tampa Bay Buccaneers,Minnesota Vikings,1928.331741
,,
Minnesota Vikings,Tampa Bay Buccaneers,1928.331741
,,
Tampa Bay Buccaneers,Atlanta Falcons,668.0807965
,,
Atlanta Falcons,Tampa Bay Buccaneers,668.0807965
,,
Tampa Bay Buccaneers,Carolina Panthers,821.3939258
,,
Carolina Panthers,Tampa Bay Buccaneers,821.3939258
,,
Tampa Bay Buccaneers,New Orleans Saints,769.2927398
,,
New Orleans Saints,Tampa Bay Buccaneers,769.2927398
,,
Tampa Bay Buccaneers,Arizona Cardinals,2900.342497
,,
Arizona Cardinals,Tampa Bay Buccaneers,2900.342497
,,
Tampa Bay Buccaneers,Los Angeles Rams,3459.35403
,,
Los Angeles Rams,Tampa Bay Buccaneers,3459.35403
,,
Tampa Bay Buccaneers,San Francisco 49ers,3810.213624
,,
San Francisco 49ers,Tampa Bay Buccaneers,3810.213624
,,
Tampa Bay Buccaneers,Seattle Seahawks,4060.994024
,,
Seattle Seahawks,Tampa Bay Buccaneers,4060.994024
,,
Arizona Cardinals,Buffalo Bills,3079.55495
,,
Buffalo Bills,Arizona Cardinals,3079.55495
,,
Arizona Cardinals,Miami Dolphins,3191.168881
,,
Miami Dolphins,Arizona Cardinals,3191.168881
,,
Arizona Cardinals,New England Patriots,3688.637876
,,
New England Patriots,Arizona Cardinals,3688.637876
,,
Arizona Cardinals,New York Jets,3451.431898
,,
New York Jets,Arizona Cardinals,3451.431898
,,
Arizona Cardinals,Baltimore Ravens,3232.457375
,,
Baltimore Ravens,Arizona Cardinals,3232.457375
,,
Arizona Cardinals,Cincinnati Bengals,2551.982721
,,
Cincinnati Bengals,Arizona Cardinals,2551.982721
,,
Arizona Cardinals,Cleveland Browns,2821.481896
,,
Cleveland Browns,Arizona Cardinals,2821.481896
,,
Arizona Cardinals,Pittsburgh Steelers,2948.546019
,,
Pittsburgh Steelers,Arizona Cardinals,2948.546019
,,
Arizona Cardinals,Houston Texans,1650.456585
,,
Houston Texans,Arizona Cardinals,1650.456585
,,
Arizona Cardinals,Indianapolis Colts,2420.290455
,,
Indianapolis Colts,Arizona Cardinals,2420.290455
,,
Arizona Cardinals,Jacksonville Jaguars,2902.460421
,,
Jacksonville Jaguars,Arizona Cardinals,2902.460421
,,
Arizona Cardinals,Tennessee Titans,2338.578388
,,
Tennessee Titans,Arizona Cardinals,2338.578388
,,
Arizona Cardinals,Denver Broncos,945.8808495
,,
Denver Broncos,Arizona Cardinals,945.8808495
,,
Arizona Cardinals,Kansas City Chiefs,1704.580316
,,
Kansas City Chiefs,Arizona Cardinals,1704.580316
,,
Arizona Cardinals,Oakland Raiders,1013.015954
,,
Oakland Raiders,Arizona Cardinals,1013.015954
,,
Arizona Cardinals,Los Angeles Chargers,556.3089149
,,
Los Angeles Chargers,Arizona Cardinals,556.3089149
,,
Arizona Cardinals,Dallas Cowboys,1414.296513
,,
Dallas Cowboys,Arizona Cardinals,1414.296513
,,
Arizona Cardinals,New York Giants,3451.431898
,,
New York Giants,Arizona Cardinals,3451.431898
,,
Arizona Cardinals,Philadelphia Eagles,3357.493305
,,
Philadelphia Eagles,Arizona Cardinals,3357.493305
,,
Arizona Cardinals,Washington Redskins,3211.665907
,,
Washington Redskins,Arizona Cardinals,3211.665907
,,
Arizona Cardinals,Chicago Bears,2348.23595
,,
Chicago Bears,Arizona Cardinals,2348.23595
,,
Arizona Cardinals,Detroit Lions,2727.559457
,,
Detroit Lions,Arizona Cardinals,2727.559457
,,
Arizona Cardinals,Green Bay Packers,2407.995314
,,
Green Bay Packers,Arizona Cardinals,2407.995314
,,
Arizona Cardinals,Minnesota Vikings,2522.293796
,,
Minnesota Vikings,Arizona Cardinals,2522.293796
,,
Arizona Cardinals,Atlanta Falcons,2572.189338
,,
Atlanta Falcons,Arizona Cardinals,2572.189338
,,
Arizona Cardinals,Carolina Panthers,2877.71585
,,
Carolina Panthers,Arizona Cardinals,2877.71585
,,
Arizona Cardinals,New Orleans Saints,2131.321865
,,
New Orleans Saints,Arizona Cardinals,2131.321865
,,
Arizona Cardinals,Tampa Bay Buccaneers,2900.342497
,,
Tampa Bay Buccaneers,Arizona Cardinals,2900.342497
,,
Arizona Cardinals,Los Angeles Rams,559.6592693
,,
Los Angeles Rams,Arizona Cardinals,559.6592693
,,
Arizona Cardinals,San Francisco 49ers,978.6936143
,,
San Francisco 49ers,Arizona Cardinals,978.6936143
,,
Arizona Cardinals,Seattle Seahawks,1777.632303
,,
Seattle Seahawks,Arizona Cardinals,1777.632303
,,
Los Angeles Rams,Buffalo Bills,3543.361944
,,
Buffalo Bills,Los Angeles Rams,3543.361944
,,
Los Angeles Rams,Miami Dolphins,3750.809613
,,
Miami Dolphins,Los Angeles Rams,3750.809613
,,
Los Angeles Rams,New England Patriots,4161.313144
,,
New England Patriots,Los Angeles Rams,4161.313144
,,
Los Angeles Rams,New York Jets,3935.97987
,,
New York Jets,Los Angeles Rams,3935.97987
,,
Los Angeles Rams,Baltimore Ravens,3730.928782
,,
Baltimore Ravens,Los Angeles Rams,3730.928782
,,
Los Angeles Rams,Cincinnati Bengals,3051.828662
,,
Cincinnati Bengals,Los Angeles Rams,3051.828662
,,
Los Angeles Rams,Cleveland Browns,3297.025874
,,
Cleveland Browns,Los Angeles Rams,3297.025874
,,
Los Angeles Rams,Pittsburgh Steelers,3436.174074
,,
Pittsburgh Steelers,Los Angeles Rams,3436.174074
,,
Los Angeles Rams,Houston Texans,2209.449919
,,
Houston Texans,Los Angeles Rams,2209.449919
,,
Los Angeles Rams,Indianapolis Colts,2911.898502
,,
Indianapolis Colts,Los Angeles Rams,2911.898502
,,
Los Angeles Rams,Jacksonville Jaguars,3456.765357
,,
Jacksonville Jaguars,Los Angeles Rams,3456.765357
,,
Los Angeles Rams,Tennessee Titans,2865.843146
,,
Tennessee Titans,Los Angeles Rams,2865.843146
,,
Los Angeles Rams,Denver Broncos,1339.537072
,,
Denver Broncos,Los Angeles Rams,1339.537072
,,
Los Angeles Rams,Kansas City Chiefs,2192.93286
,,
Kansas City Chiefs,Los Angeles Rams,2192.93286
,,
Los Angeles Rams,Oakland Raiders,545.008417
,,
Oakland Raiders,Los Angeles Rams,545.008417
,,
Los Angeles Rams,Los Angeles Chargers,16.83376118
,,
Los Angeles Chargers,Los Angeles Rams,16.83376118
,,
Los Angeles Rams,Dallas Cowboys,1970.130495
,,
Dallas Cowboys,Los Angeles Rams,1970.130495
,,
Los Angeles Rams,New York Giants,3935.97987
,,
New York Giants,Los Angeles Rams,3935.97987
,,
Los Angeles Rams,Philadelphia Eagles,3850.269886
,,
Philadelphia Eagles,Los Angeles Rams,3850.269886
,,
Los Angeles Rams,Washington Redskins,3713.338683
,,
Washington Redskins,Los Angeles Rams,3713.338683
,,
Los Angeles Rams,Chicago Bears,2811.247305
,,
Chicago Bears,Los Angeles Rams,2811.247305
,,
Los Angeles Rams,Detroit Lions,3192.037055
,,
Detroit Lions,Los Angeles Rams,3192.037055
,,
Los Angeles Rams,Green Bay Packers,2831.381641
,,
Green Bay Packers,Los Angeles Rams,2831.381641
,,
Los Angeles Rams,Minnesota Vikings,2942.954583
,,
Minnesota Vikings,Los Angeles Rams,2942.954583
,,
Los Angeles Rams,Atlanta Falcons,3114.666483
,,
Atlanta Falcons,Los Angeles Rams,3114.666483
,,
Los Angeles Rams,Carolina Panthers,3408.924687
,,
Carolina Panthers,Los Angeles Rams,3408.924687
,,
Los Angeles Rams,New Orleans Saints,2690.55262
,,
New Orleans Saints,Los Angeles Rams,2690.55262
,,
Los Angeles Rams,Tampa Bay Buccaneers,3459.35403
,,
Tampa Bay Buccaneers,Los Angeles Rams,3459.35403
,,
Los Angeles Rams,Arizona Cardinals,559.6592693
,,
Arizona Cardinals,Los Angeles Rams,559.6592693
,,
Los Angeles Rams,San Francisco 49ers,502.5881026
,,
San Francisco 49ers,Los Angeles Rams,502.5881026
,,
Los Angeles Rams,Seattle Seahawks,1547.9475
,,
Seattle Seahawks,Los Angeles Rams,1547.9475
,,
San Francisco 49ers,Buffalo Bills,3682.055209
,,
Buffalo Bills,San Francisco 49ers,3682.055209
,,
San Francisco 49ers,Miami Dolphins,4112.726158
,,
Miami Dolphins,San Francisco 49ers,4112.726158
,,
San Francisco 49ers,New England Patriots,4303.975462
,,
New England Patriots,San Francisco 49ers,4303.975462
,,
San Francisco 49ers,New York Jets,4099.763816
,,
New York Jets,San Francisco 49ers,4099.763816
,,
San Francisco 49ers,Baltimore Ravens,3920.003449
,,
Baltimore Ravens,San Francisco 49ers,3920.003449
,,
San Francisco 49ers,Cincinnati Bengals,3253.869259
,,
Cincinnati Bengals,San Francisco 49ers,3253.869259
,,
San Francisco 49ers,Cleveland Browns,3457.020004
,,
Cleveland Browns,San Francisco 49ers,3457.020004
,,
San Francisco 49ers,Pittsburgh Steelers,3612.052703
,,
Pittsburgh Steelers,San Francisco 49ers,3612.052703
,,
San Francisco 49ers,Houston Texans,2597.007665
,,
Houston Texans,San Francisco 49ers,2597.007665
,,
San Francisco 49ers,Indianapolis Colts,3103.658779
,,
Indianapolis Colts,San Francisco 49ers,3103.658779
,,
San Francisco 49ers,Jacksonville Jaguars,3777.811364
,,
Jacksonville Jaguars,San Francisco 49ers,3777.811364
,,
San Francisco 49ers,Tennessee Titans,3120.361078
,,
Tennessee Titans,San Francisco 49ers,3120.361078
,,
San Francisco 49ers,Denver Broncos,1494.41719
,,
Denver Broncos,San Francisco 49ers,1494.41719
,,
San Francisco 49ers,Kansas City Chiefs,2399.524882
,,
Kansas City Chiefs,San Francisco 49ers,2399.524882
,,
San Francisco 49ers,Oakland Raiders,43.7734855
,,
Oakland Raiders,San Francisco 49ers,43.7734855
,,
San Francisco 49ers,Los Angeles Chargers,516.9558386
,,
Los Angeles Chargers,San Francisco 49ers,516.9558386
,,
San Francisco 49ers,Dallas Cowboys,2315.69727
,,
Dallas Cowboys,San Francisco 49ers,2315.69727
,,
San Francisco 49ers,New York Giants,4099.763816
,,
New York Giants,San Francisco 49ers,4099.763816
,,
San Francisco 49ers,Philadelphia Eagles,4028.348219
,,
Philadelphia Eagles,San Francisco 49ers,4028.348219
,,
San Francisco 49ers,Washington Redskins,3908.066476
,,
Washington Redskins,San Francisco 49ers,3908.066476
,,
San Francisco 49ers,Chicago Bears,2964.024511
,,
Chicago Bears,San Francisco 49ers,2964.024511
,,
San Francisco 49ers,Detroit Lions,3338.186939
,,
Detroit Lions,San Francisco 49ers,3338.186939
,,
San Francisco 49ers,Green Bay Packers,2932.583329
,,
Green Bay Packers,San Francisco 49ers,2932.583329
,,
San Francisco 49ers,Minnesota Vikings,3037.754633
,,
Minnesota Vikings,San Francisco 49ers,3037.754633
,,
San Francisco 49ers,Atlanta Falcons,3400.23749
,,
Atlanta Falcons,San Francisco 49ers,3400.23749
,,
San Francisco 49ers,Carolina Panthers,3663.984074
,,
Carolina Panthers,San Francisco 49ers,3663.984074
,,
San Francisco 49ers,New Orleans Saints,3049.670367
,,
New Orleans Saints,San Francisco 49ers,3049.670367
,,
San Francisco 49ers,Tampa Bay Buccaneers,3810.213624
,,
Tampa Bay Buccaneers,San Francisco 49ers,3810.213624
,,
San Francisco 49ers,Arizona Cardinals,978.6936143
,,
Arizona Cardinals,San Francisco 49ers,978.6936143
,,
San Francisco 49ers,Los Angeles Rams,502.5881026
,,
Los Angeles Rams,San Francisco 49ers,502.5881026
,,
San Francisco 49ers,Seattle Seahawks,1134.047876
,,
Seattle Seahawks,San Francisco 49ers,1134.047876
,,
Seattle Seahawks,Buffalo Bills,3409.75989
,,
Buffalo Bills,Seattle Seahawks,3409.75989
,,
Seattle Seahawks,Miami Dolphins,4378.36703
,,
Miami Dolphins,Seattle Seahawks,4378.36703
,,
Seattle Seahawks,New England Patriots,3999.776891
,,
New England Patriots,Seattle Seahawks,3999.776891
,,
Seattle Seahawks,New York Jets,3856.513464
,,
New York Jets,Seattle Seahawks,3856.513464
,,
Seattle Seahawks,Baltimore Ravens,3747.995779
,,
Baltimore Ravens,Seattle Seahawks,3747.995779
,,
Seattle Seahawks,Cincinnati Bengals,3166.243132
,,
Cincinnati Bengals,Seattle Seahawks,3166.243132
,,
Seattle Seahawks,Cleveland Browns,3252.113568
,,
Cleveland Browns,Seattle Seahawks,3252.113568
,,
Seattle Seahawks,Pittsburgh Steelers,3431.466369
,,
Pittsburgh Steelers,Seattle Seahawks,3431.466369
,,
Seattle Seahawks,Houston Texans,3044.452324
,,
Houston Texans,Seattle Seahawks,3044.452324
,,
Seattle Seahawks,Indianapolis Colts,3006.614528
,,
Indianapolis Colts,Seattle Seahawks,3006.614528
,,
Seattle Seahawks,Jacksonville Jaguars,3948.195704
,,
Jacksonville Jaguars,Seattle Seahawks,3948.195704
,,
Seattle Seahawks,Tennessee Titans,3172.418975
,,
Tennessee Titans,Seattle Seahawks,3172.418975
,,
Seattle Seahawks,Denver Broncos,1638.367447
,,
Denver Broncos,Seattle Seahawks,1638.367447
,,
Seattle Seahawks,Kansas City Chiefs,2428.93649
,,
Kansas City Chiefs,Seattle Seahawks,2428.93649
,,
Seattle Seahawks,Oakland Raiders,1094.955249
,,
Oakland Raiders,Seattle Seahawks,1094.955249
,,
Seattle Seahawks,Los Angeles Chargers,1564.759212
,,
Los Angeles Chargers,Seattle Seahawks,1564.759212
,,
Seattle Seahawks,Dallas Cowboys,2686.362894
,,
Dallas Cowboys,Seattle Seahawks,2686.362894
,,
Seattle Seahawks,New York Giants,3856.513464
,,
New York Giants,Seattle Seahawks,3856.513464
,,
Seattle Seahawks,Philadelphia Eagles,3823.128157
,,
Philadelphia Eagles,Seattle Seahawks,3823.128157
,,
Seattle Seahawks,Washington Redskins,3750.333055
,,
Washington Redskins,Seattle Seahawks,3750.333055
,,
Seattle Seahawks,Chicago Bears,2791.415862
,,
Chicago Bears,Seattle Seahawks,2791.415862
,,
Seattle Seahawks,Detroit Lions,3111.8127
,,
Detroit Lions,Seattle Seahawks,3111.8127
,,
Seattle Seahawks,Green Bay Packers,2645.938675
,,
Green Bay Packers,Seattle Seahawks,2645.938675
,,
Seattle Seahawks,Minnesota Vikings,2724.719366
,,
Minnesota Vikings,Seattle Seahawks,2724.719366
,,
Seattle Seahawks,Atlanta Falcons,3504.979221
,,
Atlanta Falcons,Seattle Seahawks,3504.979221
,,
Seattle Seahawks,Carolina Panthers,3671.099407
,,
Carolina Panthers,Seattle Seahawks,3671.099407
,,
Seattle Seahawks,New Orleans Saints,3377.642675
,,
New Orleans Saints,Seattle Seahawks,3377.642675
,,
Seattle Seahawks,Tampa Bay Buccaneers,4060.994024
,,
Tampa Bay Buccaneers,Seattle Seahawks,4060.994024
,,
Seattle Seahawks,Arizona Cardinals,1777.632303
,,
Arizona Cardinals,Seattle Seahawks,1777.632303
,,
Seattle Seahawks,Los Angeles Rams,1547.9475
,,
Los Angeles Rams,Seattle Seahawks,1547.9475
,,
Seattle Seahawks,San Francisco 49ers,1134.047876
,,
San Francisco 49ers,Seattle Seahawks,1134.047876
